Filename,Actual_Class,Predicted_Class,Class_Name,Confidence (%)
00000_00000.ppm,2,1,Limite de Velocidade (30km/h),55.59
00000_00001.ppm,2,1,Limite de Velocidade (30km/h),67.48
00000_00002.ppm,2,1,Limite de Velocidade (30km/h),64.04
00000_00003.ppm,2,1,Limite de Velocidade (30km/h),65.08
00000_00004.ppm,2,1,Limite de Velocidade (30km/h),65.63
00000_00005.ppm,2,2,Limite de Velocidade (50km/h),54.04
00000_00006.ppm,2,1,Limite de Velocidade (30km/h),60.34
00000_00007.ppm,2,2,Limite de Velocidade (50km/h),35.77
00000_00008.ppm,2,1,Limite de Velocidade (30km/h),63.87
00000_00009.ppm,2,1,Limite de Velocidade (30km/h),71.26
00000_00010.ppm,2,1,Limite de Velocidade (30km/h),65.08
00000_00011.ppm,2,1,Limite de Velocidade (30km/h),68.83
00000_00012.ppm,2,2,Limite de Velocidade (50km/h),72.17
00000_00013.ppm,2,2,Limite de Velocidade (50km/h),99.91
00000_00014.ppm,2,2,Limite de Velocidade (50km/h),99.90
00000_00015.ppm,2,2,Limite de Velocidade (50km/h),99.56
00000_00016.ppm,2,2,Limite de Velocidade (50km/h),99.83
00000_00017.ppm,2,2,Limite de Velocidade (50km/h),99.88
00000_00018.ppm,2,2,Limite de Velocidade (50km/h),99.88
00000_00019.ppm,2,2,Limite de Velocidade (50km/h),99.79
00000_00020.ppm,2,2,Limite de Velocidade (50km/h),99.63
00000_00021.ppm,2,2,Limite de Velocidade (50km/h),89.48
00000_00022.ppm,2,2,Limite de Velocidade (50km/h),92.98
00000_00023.ppm,2,2,Limite de Velocidade (50km/h),97.15
00000_00024.ppm,2,2,Limite de Velocidade (50km/h),98.02
00000_00025.ppm,2,2,Limite de Velocidade (50km/h),98.81
00000_00026.ppm,2,2,Limite de Velocidade (50km/h),99.68
00000_00027.ppm,2,2,Limite de Velocidade (50km/h),99.53
00000_00028.ppm,2,2,Limite de Velocidade (50km/h),99.78
00000_00029.ppm,2,2,Limite de Velocidade (50km/h),99.86
00001_00000.ppm,2,1,Limite de Velocidade (30km/h),64.51
00001_00001.ppm,2,1,Limite de Velocidade (30km/h),51.76
00001_00002.ppm,2,1,Limite de Velocidade (30km/h),82.20
00001_00003.ppm,2,1,Limite de Velocidade (30km/h),23.46
00001_00004.ppm,2,1,Limite de Velocidade (30km/h),41.60
00001_00005.ppm,2,2,Limite de Velocidade (50km/h),55.64
00001_00006.ppm,2,2,Limite de Velocidade (50km/h),94.79
00001_00007.ppm,2,2,Limite de Velocidade (50km/h),60.98
00001_00008.ppm,2,2,Limite de Velocidade (50km/h),80.14
00001_00009.ppm,2,2,Limite de Velocidade (50km/h),77.69
00001_00010.ppm,2,2,Limite de Velocidade (50km/h),77.25
00001_00011.ppm,2,7,Limite de Velocidade (100km/h),45.34
00001_00012.ppm,2,2,Limite de Velocidade (50km/h),77.01
00001_00013.ppm,2,2,Limite de Velocidade (50km/h),94.42
00001_00014.ppm,2,2,Limite de Velocidade (50km/h),95.23
00001_00015.ppm,2,2,Limite de Velocidade (50km/h),79.80
00001_00016.ppm,2,2,Limite de Velocidade (50km/h),95.34
00001_00017.ppm,2,2,Limite de Velocidade (50km/h),84.85
00001_00018.ppm,2,2,Limite de Velocidade (50km/h),96.19
00001_00019.ppm,2,2,Limite de Velocidade (50km/h),95.61
00001_00020.ppm,2,2,Limite de Velocidade (50km/h),78.12
00001_00021.ppm,2,2,Limite de Velocidade (50km/h),76.92
00001_00022.ppm,2,2,Limite de Velocidade (50km/h),99.89
00001_00023.ppm,2,2,Limite de Velocidade (50km/h),99.47
00001_00024.ppm,2,2,Limite de Velocidade (50km/h),95.49
00001_00025.ppm,2,2,Limite de Velocidade (50km/h),98.71
00001_00026.ppm,2,2,Limite de Velocidade (50km/h),69.37
00001_00027.ppm,2,2,Limite de Velocidade (50km/h),99.58
00001_00028.ppm,2,2,Limite de Velocidade (50km/h),99.48
00001_00029.ppm,2,2,Limite de Velocidade (50km/h),99.59
00002_00000.ppm,2,12,Estrada Principal,60.43
00002_00001.ppm,2,12,Estrada Principal,31.82
00002_00002.ppm,2,2,Limite de Velocidade (50km/h),90.54
00002_00003.ppm,2,1,Limite de Velocidade (30km/h),51.33
00002_00004.ppm,2,12,Estrada Principal,95.59
00002_00005.ppm,2,2,Limite de Velocidade (50km/h),99.48
00002_00006.ppm,2,2,Limite de Velocidade (50km/h),99.89
00002_00007.ppm,2,2,Limite de Velocidade (50km/h),88.56
00002_00008.ppm,2,2,Limite de Velocidade (50km/h),100.00
00002_00009.ppm,2,2,Limite de Velocidade (50km/h),99.02
00002_00010.ppm,2,2,Limite de Velocidade (50km/h),98.91
00002_00011.ppm,2,2,Limite de Velocidade (50km/h),100.00
00002_00012.ppm,2,2,Limite de Velocidade (50km/h),100.00
00002_00013.ppm,2,2,Limite de Velocidade (50km/h),100.00
00002_00014.ppm,2,1,Limite de Velocidade (30km/h),52.57
00002_00015.ppm,2,2,Limite de Velocidade (50km/h),93.10
00002_00016.ppm,2,2,Limite de Velocidade (50km/h),98.67
00002_00017.ppm,2,2,Limite de Velocidade (50km/h),98.00
00002_00018.ppm,2,2,Limite de Velocidade (50km/h),100.00
00002_00019.ppm,2,2,Limite de Velocidade (50km/h),100.00
00002_00020.ppm,2,2,Limite de Velocidade (50km/h),100.00
00002_00021.ppm,2,2,Limite de Velocidade (50km/h),100.00
00002_00022.ppm,2,2,Limite de Velocidade (50km/h),100.00
00002_00023.ppm,2,2,Limite de Velocidade (50km/h),100.00
00002_00024.ppm,2,2,Limite de Velocidade (50km/h),100.00
00002_00025.ppm,2,2,Limite de Velocidade (50km/h),100.00
00002_00026.ppm,2,2,Limite de Velocidade (50km/h),100.00
00002_00027.ppm,2,2,Limite de Velocidade (50km/h),100.00
00002_00028.ppm,2,2,Limite de Velocidade (50km/h),100.00
00002_00029.ppm,2,2,Limite de Velocidade (50km/h),100.00
00003_00000.ppm,2,2,Limite de Velocidade (50km/h),96.84
00003_00001.ppm,2,2,Limite de Velocidade (50km/h),99.86
00003_00002.ppm,2,2,Limite de Velocidade (50km/h),99.96
00003_00003.ppm,2,2,Limite de Velocidade (50km/h),100.00
00003_00004.ppm,2,2,Limite de Velocidade (50km/h),100.00
00003_00005.ppm,2,2,Limite de Velocidade (50km/h),100.00
00003_00006.ppm,2,2,Limite de Velocidade (50km/h),100.00
00003_00007.ppm,2,2,Limite de Velocidade (50km/h),100.00
00003_00008.ppm,2,2,Limite de Velocidade (50km/h),100.00
00003_00009.ppm,2,2,Limite de Velocidade (50km/h),100.00
00003_00010.ppm,2,2,Limite de Velocidade (50km/h),100.00
00003_00011.ppm,2,2,Limite de Velocidade (50km/h),100.00
00003_00012.ppm,2,2,Limite de Velocidade (50km/h),100.00
00003_00013.ppm,2,2,Limite de Velocidade (50km/h),100.00
00003_00014.ppm,2,2,Limite de Velocidade (50km/h),100.00
00003_00015.ppm,2,2,Limite de Velocidade (50km/h),100.00
00003_00016.ppm,2,2,Limite de Velocidade (50km/h),100.00
00003_00017.ppm,2,2,Limite de Velocidade (50km/h),100.00
00003_00018.ppm,2,2,Limite de Velocidade (50km/h),100.00
00003_00019.ppm,2,2,Limite de Velocidade (50km/h),100.00
00003_00020.ppm,2,2,Limite de Velocidade (50km/h),100.00
00003_00021.ppm,2,2,Limite de Velocidade (50km/h),100.00
00003_00022.ppm,2,2,Limite de Velocidade (50km/h),100.00
00003_00023.ppm,2,2,Limite de Velocidade (50km/h),100.00
00003_00024.ppm,2,2,Limite de Velocidade (50km/h),100.00
00003_00025.ppm,2,2,Limite de Velocidade (50km/h),100.00
00003_00026.ppm,2,2,Limite de Velocidade (50km/h),100.00
00003_00027.ppm,2,2,Limite de Velocidade (50km/h),100.00
00003_00028.ppm,2,2,Limite de Velocidade (50km/h),100.00
00003_00029.ppm,2,2,Limite de Velocidade (50km/h),100.00
00004_00000.ppm,2,2,Limite de Velocidade (50km/h),97.87
00004_00001.ppm,2,2,Limite de Velocidade (50km/h),92.45
00004_00002.ppm,2,2,Limite de Velocidade (50km/h),99.07
00004_00003.ppm,2,2,Limite de Velocidade (50km/h),83.67
00004_00004.ppm,2,2,Limite de Velocidade (50km/h),100.00
00004_00005.ppm,2,2,Limite de Velocidade (50km/h),56.82
00004_00006.ppm,2,2,Limite de Velocidade (50km/h),100.00
00004_00007.ppm,2,2,Limite de Velocidade (50km/h),99.27
00004_00008.ppm,2,2,Limite de Velocidade (50km/h),100.00
00004_00009.ppm,2,2,Limite de Velocidade (50km/h),100.00
00004_00010.ppm,2,2,Limite de Velocidade (50km/h),100.00
00004_00011.ppm,2,2,Limite de Velocidade (50km/h),100.00
00004_00012.ppm,2,2,Limite de Velocidade (50km/h),100.00
00004_00013.ppm,2,2,Limite de Velocidade (50km/h),99.80
00004_00014.ppm,2,2,Limite de Velocidade (50km/h),100.00
00004_00015.ppm,2,2,Limite de Velocidade (50km/h),100.00
00004_00016.ppm,2,2,Limite de Velocidade (50km/h),100.00
00004_00017.ppm,2,2,Limite de Velocidade (50km/h),100.00
00004_00018.ppm,2,2,Limite de Velocidade (50km/h),100.00
00004_00019.ppm,2,2,Limite de Velocidade (50km/h),100.00
00004_00020.ppm,2,2,Limite de Velocidade (50km/h),100.00
00004_00021.ppm,2,2,Limite de Velocidade (50km/h),100.00
00004_00022.ppm,2,2,Limite de Velocidade (50km/h),100.00
00004_00023.ppm,2,2,Limite de Velocidade (50km/h),100.00
00004_00024.ppm,2,2,Limite de Velocidade (50km/h),100.00
00004_00025.ppm,2,2,Limite de Velocidade (50km/h),100.00
00004_00026.ppm,2,2,Limite de Velocidade (50km/h),100.00
00004_00027.ppm,2,2,Limite de Velocidade (50km/h),100.00
00004_00028.ppm,2,2,Limite de Velocidade (50km/h),100.00
00004_00029.ppm,2,2,Limite de Velocidade (50km/h),100.00
00005_00000.ppm,2,2,Limite de Velocidade (50km/h),99.38
00005_00001.ppm,2,2,Limite de Velocidade (50km/h),99.96
00005_00002.ppm,2,2,Limite de Velocidade (50km/h),99.96
00005_00003.ppm,2,2,Limite de Velocidade (50km/h),99.66
00005_00004.ppm,2,2,Limite de Velocidade (50km/h),99.71
00005_00005.ppm,2,2,Limite de Velocidade (50km/h),99.95
00005_00006.ppm,2,2,Limite de Velocidade (50km/h),99.95
00005_00007.ppm,2,2,Limite de Velocidade (50km/h),100.00
00005_00008.ppm,2,2,Limite de Velocidade (50km/h),99.82
00005_00009.ppm,2,2,Limite de Velocidade (50km/h),91.33
00005_00010.ppm,2,2,Limite de Velocidade (50km/h),100.00
00005_00011.ppm,2,2,Limite de Velocidade (50km/h),99.46
00005_00012.ppm,2,2,Limite de Velocidade (50km/h),99.99
00005_00013.ppm,2,2,Limite de Velocidade (50km/h),100.00
00005_00014.ppm,2,2,Limite de Velocidade (50km/h),100.00
00005_00015.ppm,2,2,Limite de Velocidade (50km/h),100.00
00005_00016.ppm,2,2,Limite de Velocidade (50km/h),100.00
00005_00017.ppm,2,2,Limite de Velocidade (50km/h),100.00
00005_00018.ppm,2,2,Limite de Velocidade (50km/h),100.00
00005_00019.ppm,2,2,Limite de Velocidade (50km/h),100.00
00005_00020.ppm,2,2,Limite de Velocidade (50km/h),99.92
00005_00021.ppm,2,2,Limite de Velocidade (50km/h),99.99
00005_00022.ppm,2,2,Limite de Velocidade (50km/h),100.00
00005_00023.ppm,2,2,Limite de Velocidade (50km/h),100.00
00005_00024.ppm,2,2,Limite de Velocidade (50km/h),100.00
00005_00025.ppm,2,2,Limite de Velocidade (50km/h),100.00
00005_00026.ppm,2,2,Limite de Velocidade (50km/h),100.00
00005_00027.ppm,2,2,Limite de Velocidade (50km/h),100.00
00005_00028.ppm,2,2,Limite de Velocidade (50km/h),100.00
00005_00029.ppm,2,2,Limite de Velocidade (50km/h),100.00
00006_00000.ppm,2,2,Limite de Velocidade (50km/h),90.73
00006_00001.ppm,2,2,Limite de Velocidade (50km/h),95.84
00006_00002.ppm,2,2,Limite de Velocidade (50km/h),99.87
00006_00003.ppm,2,2,Limite de Velocidade (50km/h),96.00
00006_00004.ppm,2,2,Limite de Velocidade (50km/h),99.45
00006_00005.ppm,2,2,Limite de Velocidade (50km/h),99.16
00006_00006.ppm,2,2,Limite de Velocidade (50km/h),99.97
00006_00007.ppm,2,2,Limite de Velocidade (50km/h),99.98
00006_00008.ppm,2,2,Limite de Velocidade (50km/h),100.00
00006_00009.ppm,2,2,Limite de Velocidade (50km/h),99.91
00006_00010.ppm,2,2,Limite de Velocidade (50km/h),100.00
00006_00011.ppm,2,2,Limite de Velocidade (50km/h),100.00
00006_00012.ppm,2,2,Limite de Velocidade (50km/h),99.94
00006_00013.ppm,2,2,Limite de Velocidade (50km/h),100.00
00006_00014.ppm,2,2,Limite de Velocidade (50km/h),100.00
00006_00015.ppm,2,2,Limite de Velocidade (50km/h),100.00
00006_00016.ppm,2,2,Limite de Velocidade (50km/h),100.00
00006_00017.ppm,2,2,Limite de Velocidade (50km/h),100.00
00006_00018.ppm,2,2,Limite de Velocidade (50km/h),100.00
00006_00019.ppm,2,2,Limite de Velocidade (50km/h),100.00
00006_00020.ppm,2,2,Limite de Velocidade (50km/h),100.00
00006_00021.ppm,2,2,Limite de Velocidade (50km/h),72.27
00006_00022.ppm,2,2,Limite de Velocidade (50km/h),99.14
00006_00023.ppm,2,2,Limite de Velocidade (50km/h),75.38
00006_00024.ppm,2,2,Limite de Velocidade (50km/h),97.64
00006_00025.ppm,2,2,Limite de Velocidade (50km/h),93.96
00006_00026.ppm,2,1,Limite de Velocidade (30km/h),51.63
00006_00027.ppm,2,2,Limite de Velocidade (50km/h),100.00
00006_00028.ppm,2,2,Limite de Velocidade (50km/h),100.00
00006_00029.ppm,2,2,Limite de Velocidade (50km/h),100.00
00007_00000.ppm,2,2,Limite de Velocidade (50km/h),98.11
00007_00001.ppm,2,2,Limite de Velocidade (50km/h),99.98
00007_00002.ppm,2,2,Limite de Velocidade (50km/h),99.88
00007_00003.ppm,2,2,Limite de Velocidade (50km/h),99.99
00007_00004.ppm,2,2,Limite de Velocidade (50km/h),99.64
00007_00005.ppm,2,2,Limite de Velocidade (50km/h),99.98
00007_00006.ppm,2,2,Limite de Velocidade (50km/h),99.37
00007_00007.ppm,2,2,Limite de Velocidade (50km/h),95.73
00007_00008.ppm,2,2,Limite de Velocidade (50km/h),81.46
00007_00009.ppm,2,2,Limite de Velocidade (50km/h),99.86
00007_00010.ppm,2,2,Limite de Velocidade (50km/h),99.41
00007_00011.ppm,2,2,Limite de Velocidade (50km/h),88.28
00007_00012.ppm,2,2,Limite de Velocidade (50km/h),89.04
00007_00013.ppm,2,2,Limite de Velocidade (50km/h),95.54
00007_00014.ppm,2,2,Limite de Velocidade (50km/h),100.00
00007_00015.ppm,2,2,Limite de Velocidade (50km/h),99.98
00007_00016.ppm,2,2,Limite de Velocidade (50km/h),77.58
00007_00017.ppm,2,2,Limite de Velocidade (50km/h),99.99
00007_00018.ppm,2,2,Limite de Velocidade (50km/h),99.96
00007_00019.ppm,2,2,Limite de Velocidade (50km/h),99.99
00007_00020.ppm,2,2,Limite de Velocidade (50km/h),99.97
00007_00021.ppm,2,2,Limite de Velocidade (50km/h),99.94
00007_00022.ppm,2,2,Limite de Velocidade (50km/h),100.00
00007_00023.ppm,2,2,Limite de Velocidade (50km/h),99.51
00007_00024.ppm,2,2,Limite de Velocidade (50km/h),99.98
00007_00025.ppm,2,2,Limite de Velocidade (50km/h),99.98
00007_00026.ppm,2,2,Limite de Velocidade (50km/h),99.76
00007_00027.ppm,2,2,Limite de Velocidade (50km/h),100.00
00007_00028.ppm,2,2,Limite de Velocidade (50km/h),99.78
00007_00029.ppm,2,2,Limite de Velocidade (50km/h),99.79
00008_00000.ppm,2,12,Estrada Principal,99.59
00008_00001.ppm,2,12,Estrada Principal,95.29
00008_00002.ppm,2,12,Estrada Principal,77.66
00008_00003.ppm,2,1,Limite de Velocidade (30km/h),35.31
00008_00004.ppm,2,2,Limite de Velocidade (50km/h),77.65
00008_00005.ppm,2,2,Limite de Velocidade (50km/h),37.37
00008_00006.ppm,2,1,Limite de Velocidade (30km/h),42.00
00008_00007.ppm,2,2,Limite de Velocidade (50km/h),92.30
00008_00008.ppm,2,1,Limite de Velocidade (30km/h),79.72
00008_00009.ppm,2,2,Limite de Velocidade (50km/h),83.73
00008_00010.ppm,2,12,Estrada Principal,39.73
00008_00011.ppm,2,2,Limite de Velocidade (50km/h),99.95
00008_00012.ppm,2,2,Limite de Velocidade (50km/h),99.96
00008_00013.ppm,2,2,Limite de Velocidade (50km/h),98.04
00008_00014.ppm,2,2,Limite de Velocidade (50km/h),93.73
00008_00015.ppm,2,2,Limite de Velocidade (50km/h),98.95
00008_00016.ppm,2,2,Limite de Velocidade (50km/h),99.48
00008_00017.ppm,2,2,Limite de Velocidade (50km/h),99.99
00008_00018.ppm,2,2,Limite de Velocidade (50km/h),100.00
00008_00019.ppm,2,2,Limite de Velocidade (50km/h),100.00
00008_00020.ppm,2,2,Limite de Velocidade (50km/h),100.00
00008_00021.ppm,2,2,Limite de Velocidade (50km/h),99.43
00008_00022.ppm,2,2,Limite de Velocidade (50km/h),99.95
00008_00023.ppm,2,2,Limite de Velocidade (50km/h),99.99
00008_00024.ppm,2,2,Limite de Velocidade (50km/h),99.66
00008_00025.ppm,2,2,Limite de Velocidade (50km/h),99.64
00008_00026.ppm,2,2,Limite de Velocidade (50km/h),99.95
00008_00027.ppm,2,2,Limite de Velocidade (50km/h),99.15
00008_00028.ppm,2,2,Limite de Velocidade (50km/h),99.33
00008_00029.ppm,2,2,Limite de Velocidade (50km/h),99.80
00009_00000.ppm,2,1,Limite de Velocidade (30km/h),96.59
00009_00001.ppm,2,2,Limite de Velocidade (50km/h),59.36
00009_00002.ppm,2,2,Limite de Velocidade (50km/h),93.58
00009_00003.ppm,2,2,Limite de Velocidade (50km/h),96.06
00009_00004.ppm,2,2,Limite de Velocidade (50km/h),99.91
00009_00005.ppm,2,2,Limite de Velocidade (50km/h),99.90
00009_00006.ppm,2,12,Estrada Principal,64.94
00009_00007.ppm,2,2,Limite de Velocidade (50km/h),51.93
00009_00008.ppm,2,13,Dê a Preferência,43.04
00009_00009.ppm,2,1,Limite de Velocidade (30km/h),97.30
00009_00010.ppm,2,1,Limite de Velocidade (30km/h),86.64
00009_00011.ppm,2,1,Limite de Velocidade (30km/h),96.21
00009_00012.ppm,2,2,Limite de Velocidade (50km/h),72.01
00009_00013.ppm,2,1,Limite de Velocidade (30km/h),80.68
00009_00014.ppm,2,2,Limite de Velocidade (50km/h),98.57
00009_00015.ppm,2,1,Limite de Velocidade (30km/h),68.25
00009_00016.ppm,2,1,Limite de Velocidade (30km/h),98.97
00009_00017.ppm,2,1,Limite de Velocidade (30km/h),96.84
00009_00018.ppm,2,1,Limite de Velocidade (30km/h),87.73
00009_00019.ppm,2,2,Limite de Velocidade (50km/h),98.88
00009_00020.ppm,2,2,Limite de Velocidade (50km/h),92.90
00009_00021.ppm,2,2,Limite de Velocidade (50km/h),92.99
00009_00022.ppm,2,1,Limite de Velocidade (30km/h),54.52
00009_00023.ppm,2,1,Limite de Velocidade (30km/h),81.68
00009_00024.ppm,2,2,Limite de Velocidade (50km/h),51.67
00009_00025.ppm,2,1,Limite de Velocidade (30km/h),49.27
00009_00026.ppm,2,2,Limite de Velocidade (50km/h),100.00
00009_00027.ppm,2,1,Limite de Velocidade (30km/h),79.56
00009_00028.ppm,2,1,Limite de Velocidade (30km/h),98.88
00009_00029.ppm,2,2,Limite de Velocidade (50km/h),96.84
00010_00000.ppm,2,2,Limite de Velocidade (50km/h),54.65
00010_00001.ppm,2,2,Limite de Velocidade (50km/h),99.64
00010_00002.ppm,2,2,Limite de Velocidade (50km/h),76.34
00010_00003.ppm,2,2,Limite de Velocidade (50km/h),93.44
00010_00004.ppm,2,2,Limite de Velocidade (50km/h),99.99
00010_00005.ppm,2,2,Limite de Velocidade (50km/h),99.99
00010_00006.ppm,2,2,Limite de Velocidade (50km/h),99.60
00010_00007.ppm,2,2,Limite de Velocidade (50km/h),99.15
00010_00008.ppm,2,2,Limite de Velocidade (50km/h),100.00
00010_00009.ppm,2,2,Limite de Velocidade (50km/h),100.00
00010_00010.ppm,2,2,Limite de Velocidade (50km/h),100.00
00010_00011.ppm,2,2,Limite de Velocidade (50km/h),99.99
00010_00012.ppm,2,2,Limite de Velocidade (50km/h),100.00
00010_00013.ppm,2,2,Limite de Velocidade (50km/h),100.00
00010_00014.ppm,2,2,Limite de Velocidade (50km/h),100.00
00010_00015.ppm,2,2,Limite de Velocidade (50km/h),100.00
00010_00016.ppm,2,2,Limite de Velocidade (50km/h),100.00
00010_00017.ppm,2,2,Limite de Velocidade (50km/h),100.00
00010_00018.ppm,2,2,Limite de Velocidade (50km/h),100.00
00010_00019.ppm,2,2,Limite de Velocidade (50km/h),100.00
00010_00020.ppm,2,2,Limite de Velocidade (50km/h),100.00
00010_00021.ppm,2,2,Limite de Velocidade (50km/h),100.00
00010_00022.ppm,2,2,Limite de Velocidade (50km/h),100.00
00010_00023.ppm,2,2,Limite de Velocidade (50km/h),100.00
00010_00024.ppm,2,2,Limite de Velocidade (50km/h),100.00
00010_00025.ppm,2,2,Limite de Velocidade (50km/h),100.00
00010_00026.ppm,2,2,Limite de Velocidade (50km/h),100.00
00010_00027.ppm,2,2,Limite de Velocidade (50km/h),100.00
00010_00028.ppm,2,2,Limite de Velocidade (50km/h),100.00
00010_00029.ppm,2,2,Limite de Velocidade (50km/h),100.00
00011_00000.ppm,2,2,Limite de Velocidade (50km/h),99.19
00011_00001.ppm,2,2,Limite de Velocidade (50km/h),44.14
00011_00002.ppm,2,2,Limite de Velocidade (50km/h),53.67
00011_00003.ppm,2,2,Limite de Velocidade (50km/h),99.99
00011_00004.ppm,2,2,Limite de Velocidade (50km/h),99.18
00011_00005.ppm,2,2,Limite de Velocidade (50km/h),100.00
00011_00006.ppm,2,2,Limite de Velocidade (50km/h),100.00
00011_00007.ppm,2,2,Limite de Velocidade (50km/h),100.00
00011_00008.ppm,2,2,Limite de Velocidade (50km/h),100.00
00011_00009.ppm,2,2,Limite de Velocidade (50km/h),99.91
00011_00010.ppm,2,2,Limite de Velocidade (50km/h),100.00
00011_00011.ppm,2,2,Limite de Velocidade (50km/h),99.91
00011_00012.ppm,2,2,Limite de Velocidade (50km/h),100.00
00011_00013.ppm,2,2,Limite de Velocidade (50km/h),100.00
00011_00014.ppm,2,2,Limite de Velocidade (50km/h),100.00
00011_00015.ppm,2,2,Limite de Velocidade (50km/h),100.00
00011_00016.ppm,2,2,Limite de Velocidade (50km/h),100.00
00011_00017.ppm,2,2,Limite de Velocidade (50km/h),100.00
00011_00018.ppm,2,2,Limite de Velocidade (50km/h),100.00
00011_00019.ppm,2,2,Limite de Velocidade (50km/h),100.00
00011_00020.ppm,2,2,Limite de Velocidade (50km/h),100.00
00011_00021.ppm,2,2,Limite de Velocidade (50km/h),100.00
00011_00022.ppm,2,2,Limite de Velocidade (50km/h),100.00
00011_00023.ppm,2,2,Limite de Velocidade (50km/h),100.00
00011_00024.ppm,2,2,Limite de Velocidade (50km/h),99.99
00011_00025.ppm,2,2,Limite de Velocidade (50km/h),100.00
00011_00026.ppm,2,2,Limite de Velocidade (50km/h),100.00
00011_00027.ppm,2,2,Limite de Velocidade (50km/h),100.00
00011_00028.ppm,2,2,Limite de Velocidade (50km/h),100.00
00011_00029.ppm,2,2,Limite de Velocidade (50km/h),100.00
00012_00000.ppm,2,2,Limite de Velocidade (50km/h),98.80
00012_00001.ppm,2,2,Limite de Velocidade (50km/h),99.95
00012_00002.ppm,2,2,Limite de Velocidade (50km/h),100.00
00012_00003.ppm,2,2,Limite de Velocidade (50km/h),100.00
00012_00004.ppm,2,2,Limite de Velocidade (50km/h),99.99
00012_00005.ppm,2,2,Limite de Velocidade (50km/h),100.00
00012_00006.ppm,2,2,Limite de Velocidade (50km/h),99.27
00012_00007.ppm,2,2,Limite de Velocidade (50km/h),100.00
00012_00008.ppm,2,2,Limite de Velocidade (50km/h),100.00
00012_00009.ppm,2,2,Limite de Velocidade (50km/h),100.00
00012_00010.ppm,2,2,Limite de Velocidade (50km/h),99.64
00012_00011.ppm,2,2,Limite de Velocidade (50km/h),100.00
00012_00012.ppm,2,2,Limite de Velocidade (50km/h),95.71
00012_00013.ppm,2,2,Limite de Velocidade (50km/h),99.97
00012_00014.ppm,2,2,Limite de Velocidade (50km/h),100.00
00012_00015.ppm,2,2,Limite de Velocidade (50km/h),99.99
00012_00016.ppm,2,2,Limite de Velocidade (50km/h),100.00
00012_00017.ppm,2,2,Limite de Velocidade (50km/h),100.00
00012_00018.ppm,2,2,Limite de Velocidade (50km/h),100.00
00012_00019.ppm,2,2,Limite de Velocidade (50km/h),100.00
00012_00020.ppm,2,2,Limite de Velocidade (50km/h),100.00
00012_00021.ppm,2,2,Limite de Velocidade (50km/h),100.00
00012_00022.ppm,2,2,Limite de Velocidade (50km/h),100.00
00012_00023.ppm,2,2,Limite de Velocidade (50km/h),100.00
00012_00024.ppm,2,2,Limite de Velocidade (50km/h),100.00
00012_00025.ppm,2,2,Limite de Velocidade (50km/h),100.00
00012_00026.ppm,2,2,Limite de Velocidade (50km/h),100.00
00012_00027.ppm,2,2,Limite de Velocidade (50km/h),100.00
00012_00028.ppm,2,2,Limite de Velocidade (50km/h),100.00
00012_00029.ppm,2,2,Limite de Velocidade (50km/h),100.00
00013_00000.ppm,2,2,Limite de Velocidade (50km/h),100.00
00013_00001.ppm,2,2,Limite de Velocidade (50km/h),99.86
00013_00002.ppm,2,2,Limite de Velocidade (50km/h),100.00
00013_00003.ppm,2,2,Limite de Velocidade (50km/h),99.48
00013_00004.ppm,2,2,Limite de Velocidade (50km/h),100.00
00013_00005.ppm,2,2,Limite de Velocidade (50km/h),100.00
00013_00006.ppm,2,2,Limite de Velocidade (50km/h),99.72
00013_00007.ppm,2,2,Limite de Velocidade (50km/h),100.00
00013_00008.ppm,2,2,Limite de Velocidade (50km/h),100.00
00013_00009.ppm,2,2,Limite de Velocidade (50km/h),100.00
00013_00010.ppm,2,2,Limite de Velocidade (50km/h),100.00
00013_00011.ppm,2,2,Limite de Velocidade (50km/h),100.00
00013_00012.ppm,2,2,Limite de Velocidade (50km/h),100.00
00013_00013.ppm,2,2,Limite de Velocidade (50km/h),95.44
00013_00014.ppm,2,2,Limite de Velocidade (50km/h),100.00
00013_00015.ppm,2,2,Limite de Velocidade (50km/h),100.00
00013_00016.ppm,2,2,Limite de Velocidade (50km/h),100.00
00013_00017.ppm,2,2,Limite de Velocidade (50km/h),100.00
00013_00018.ppm,2,2,Limite de Velocidade (50km/h),100.00
00013_00019.ppm,2,2,Limite de Velocidade (50km/h),100.00
00013_00020.ppm,2,2,Limite de Velocidade (50km/h),100.00
00013_00021.ppm,2,2,Limite de Velocidade (50km/h),100.00
00013_00022.ppm,2,2,Limite de Velocidade (50km/h),100.00
00013_00023.ppm,2,2,Limite de Velocidade (50km/h),100.00
00013_00024.ppm,2,2,Limite de Velocidade (50km/h),100.00
00013_00025.ppm,2,2,Limite de Velocidade (50km/h),100.00
00013_00026.ppm,2,2,Limite de Velocidade (50km/h),100.00
00013_00027.ppm,2,2,Limite de Velocidade (50km/h),100.00
00013_00028.ppm,2,2,Limite de Velocidade (50km/h),100.00
00013_00029.ppm,2,2,Limite de Velocidade (50km/h),100.00
00014_00000.ppm,2,2,Limite de Velocidade (50km/h),46.39
00014_00001.ppm,2,1,Limite de Velocidade (30km/h),23.20
00014_00002.ppm,2,2,Limite de Velocidade (50km/h),70.93
00014_00003.ppm,2,1,Limite de Velocidade (30km/h),36.35
00014_00004.ppm,2,2,Limite de Velocidade (50km/h),44.41
00014_00005.ppm,2,1,Limite de Velocidade (30km/h),50.21
00014_00006.ppm,2,1,Limite de Velocidade (30km/h),67.09
00014_00007.ppm,2,2,Limite de Velocidade (50km/h),84.09
00014_00008.ppm,2,2,Limite de Velocidade (50km/h),62.08
00014_00009.ppm,2,2,Limite de Velocidade (50km/h),57.94
00014_00010.ppm,2,2,Limite de Velocidade (50km/h),71.14
00014_00011.ppm,2,2,Limite de Velocidade (50km/h),81.52
00014_00012.ppm,2,2,Limite de Velocidade (50km/h),67.24
00014_00013.ppm,2,2,Limite de Velocidade (50km/h),89.26
00014_00014.ppm,2,2,Limite de Velocidade (50km/h),98.21
00014_00015.ppm,2,2,Limite de Velocidade (50km/h),99.94
00014_00016.ppm,2,2,Limite de Velocidade (50km/h),95.68
00014_00017.ppm,2,2,Limite de Velocidade (50km/h),98.82
00014_00018.ppm,2,2,Limite de Velocidade (50km/h),99.89
00014_00019.ppm,2,2,Limite de Velocidade (50km/h),99.96
00014_00020.ppm,2,2,Limite de Velocidade (50km/h),82.46
00014_00021.ppm,2,2,Limite de Velocidade (50km/h),90.03
00014_00022.ppm,2,2,Limite de Velocidade (50km/h),97.00
00014_00023.ppm,2,1,Limite de Velocidade (30km/h),50.61
00014_00024.ppm,2,1,Limite de Velocidade (30km/h),52.53
00014_00025.ppm,2,2,Limite de Velocidade (50km/h),84.20
00014_00026.ppm,2,2,Limite de Velocidade (50km/h),67.12
00014_00027.ppm,2,2,Limite de Velocidade (50km/h),99.81
00014_00028.ppm,2,2,Limite de Velocidade (50km/h),99.94
00014_00029.ppm,2,2,Limite de Velocidade (50km/h),74.63
00015_00000.ppm,2,2,Limite de Velocidade (50km/h),100.00
00015_00001.ppm,2,2,Limite de Velocidade (50km/h),99.72
00015_00002.ppm,2,2,Limite de Velocidade (50km/h),99.97
00015_00003.ppm,2,2,Limite de Velocidade (50km/h),99.92
00015_00004.ppm,2,2,Limite de Velocidade (50km/h),100.00
00015_00005.ppm,2,2,Limite de Velocidade (50km/h),99.99
00015_00006.ppm,2,2,Limite de Velocidade (50km/h),100.00
00015_00007.ppm,2,2,Limite de Velocidade (50km/h),100.00
00015_00008.ppm,2,2,Limite de Velocidade (50km/h),100.00
00015_00009.ppm,2,2,Limite de Velocidade (50km/h),99.93
00015_00010.ppm,2,2,Limite de Velocidade (50km/h),99.27
00015_00011.ppm,2,2,Limite de Velocidade (50km/h),99.96
00015_00012.ppm,2,2,Limite de Velocidade (50km/h),100.00
00015_00013.ppm,2,2,Limite de Velocidade (50km/h),99.99
00015_00014.ppm,2,2,Limite de Velocidade (50km/h),100.00
00015_00015.ppm,2,2,Limite de Velocidade (50km/h),100.00
00015_00016.ppm,2,2,Limite de Velocidade (50km/h),100.00
00015_00017.ppm,2,2,Limite de Velocidade (50km/h),100.00
00015_00018.ppm,2,1,Limite de Velocidade (30km/h),91.04
00015_00019.ppm,2,2,Limite de Velocidade (50km/h),100.00
00015_00020.ppm,2,2,Limite de Velocidade (50km/h),100.00
00015_00021.ppm,2,2,Limite de Velocidade (50km/h),88.97
00015_00022.ppm,2,1,Limite de Velocidade (30km/h),84.84
00015_00023.ppm,2,2,Limite de Velocidade (50km/h),100.00
00015_00024.ppm,2,1,Limite de Velocidade (30km/h),86.53
00015_00025.ppm,2,1,Limite de Velocidade (30km/h),72.99
00015_00026.ppm,2,1,Limite de Velocidade (30km/h),95.52
00015_00027.ppm,2,12,Estrada Principal,52.85
00015_00028.ppm,2,1,Limite de Velocidade (30km/h),95.26
00015_00029.ppm,2,1,Limite de Velocidade (30km/h),73.27
00016_00000.ppm,2,11,Interseção com Prioridade,76.80
00016_00001.ppm,2,12,Estrada Principal,82.74
00016_00002.ppm,2,1,Limite de Velocidade (30km/h),80.76
00016_00003.ppm,2,2,Limite de Velocidade (50km/h),46.52
00016_00004.ppm,2,1,Limite de Velocidade (30km/h),97.10
00016_00005.ppm,2,1,Limite de Velocidade (30km/h),92.72
00016_00006.ppm,2,1,Limite de Velocidade (30km/h),93.83
00016_00007.ppm,2,1,Limite de Velocidade (30km/h),71.96
00016_00008.ppm,2,2,Limite de Velocidade (50km/h),53.22
00016_00009.ppm,2,1,Limite de Velocidade (30km/h),67.37
00016_00010.ppm,2,6,Fim do Limite de Velocidade (80km/h),32.19
00016_00011.ppm,2,1,Limite de Velocidade (30km/h),90.75
00016_00012.ppm,2,1,Limite de Velocidade (30km/h),93.07
00016_00013.ppm,2,2,Limite de Velocidade (50km/h),99.01
00016_00014.ppm,2,2,Limite de Velocidade (50km/h),99.76
00016_00015.ppm,2,2,Limite de Velocidade (50km/h),98.58
00016_00016.ppm,2,2,Limite de Velocidade (50km/h),100.00
00016_00017.ppm,2,2,Limite de Velocidade (50km/h),100.00
00016_00018.ppm,2,2,Limite de Velocidade (50km/h),100.00
00016_00019.ppm,2,2,Limite de Velocidade (50km/h),100.00
00016_00020.ppm,2,2,Limite de Velocidade (50km/h),100.00
00016_00021.ppm,2,2,Limite de Velocidade (50km/h),100.00
00016_00022.ppm,2,2,Limite de Velocidade (50km/h),100.00
00016_00023.ppm,2,2,Limite de Velocidade (50km/h),100.00
00016_00024.ppm,2,2,Limite de Velocidade (50km/h),100.00
00016_00025.ppm,2,2,Limite de Velocidade (50km/h),100.00
00016_00026.ppm,2,2,Limite de Velocidade (50km/h),100.00
00016_00027.ppm,2,2,Limite de Velocidade (50km/h),100.00
00016_00028.ppm,2,2,Limite de Velocidade (50km/h),100.00
00016_00029.ppm,2,1,Limite de Velocidade (30km/h),87.04
00017_00000.ppm,2,7,Limite de Velocidade (100km/h),41.51
00017_00001.ppm,2,2,Limite de Velocidade (50km/h),54.25
00017_00002.ppm,2,5,Limite de Velocidade (80km/h),47.06
00017_00003.ppm,2,2,Limite de Velocidade (50km/h),92.35
00017_00004.ppm,2,2,Limite de Velocidade (50km/h),53.07
00017_00005.ppm,2,2,Limite de Velocidade (50km/h),99.25
00017_00006.ppm,2,2,Limite de Velocidade (50km/h),95.27
00017_00007.ppm,2,2,Limite de Velocidade (50km/h),91.00
00017_00008.ppm,2,2,Limite de Velocidade (50km/h),60.70
00017_00009.ppm,2,2,Limite de Velocidade (50km/h),83.41
00017_00010.ppm,2,2,Limite de Velocidade (50km/h),99.62
00017_00011.ppm,2,2,Limite de Velocidade (50km/h),99.98
00017_00012.ppm,2,2,Limite de Velocidade (50km/h),99.64
00017_00013.ppm,2,2,Limite de Velocidade (50km/h),99.77
00017_00014.ppm,2,2,Limite de Velocidade (50km/h),99.13
00017_00015.ppm,2,2,Limite de Velocidade (50km/h),99.47
00017_00016.ppm,2,2,Limite de Velocidade (50km/h),100.00
00017_00017.ppm,2,2,Limite de Velocidade (50km/h),100.00
00017_00018.ppm,2,2,Limite de Velocidade (50km/h),100.00
00017_00019.ppm,2,2,Limite de Velocidade (50km/h),99.96
00017_00020.ppm,2,2,Limite de Velocidade (50km/h),100.00
00017_00021.ppm,2,2,Limite de Velocidade (50km/h),100.00
00017_00022.ppm,2,2,Limite de Velocidade (50km/h),100.00
00017_00023.ppm,2,2,Limite de Velocidade (50km/h),100.00
00017_00024.ppm,2,2,Limite de Velocidade (50km/h),100.00
00017_00025.ppm,2,2,Limite de Velocidade (50km/h),94.96
00017_00026.ppm,2,2,Limite de Velocidade (50km/h),100.00
00017_00027.ppm,2,2,Limite de Velocidade (50km/h),100.00
00017_00028.ppm,2,2,Limite de Velocidade (50km/h),100.00
00017_00029.ppm,2,2,Limite de Velocidade (50km/h),100.00
00018_00000.ppm,2,2,Limite de Velocidade (50km/h),99.36
00018_00001.ppm,2,2,Limite de Velocidade (50km/h),92.42
00018_00002.ppm,2,2,Limite de Velocidade (50km/h),81.38
00018_00003.ppm,2,2,Limite de Velocidade (50km/h),99.91
00018_00004.ppm,2,2,Limite de Velocidade (50km/h),99.94
00018_00005.ppm,2,2,Limite de Velocidade (50km/h),99.82
00018_00006.ppm,2,2,Limite de Velocidade (50km/h),99.92
00018_00007.ppm,2,2,Limite de Velocidade (50km/h),99.44
00018_00008.ppm,2,2,Limite de Velocidade (50km/h),100.00
00018_00009.ppm,2,2,Limite de Velocidade (50km/h),99.64
00018_00010.ppm,2,2,Limite de Velocidade (50km/h),100.00
00018_00011.ppm,2,2,Limite de Velocidade (50km/h),99.99
00018_00012.ppm,2,2,Limite de Velocidade (50km/h),100.00
00018_00013.ppm,2,2,Limite de Velocidade (50km/h),100.00
00018_00014.ppm,2,2,Limite de Velocidade (50km/h),100.00
00018_00015.ppm,2,2,Limite de Velocidade (50km/h),100.00
00018_00016.ppm,2,2,Limite de Velocidade (50km/h),100.00
00018_00017.ppm,2,2,Limite de Velocidade (50km/h),100.00
00018_00018.ppm,2,2,Limite de Velocidade (50km/h),100.00
00018_00019.ppm,2,2,Limite de Velocidade (50km/h),100.00
00018_00020.ppm,2,2,Limite de Velocidade (50km/h),100.00
00018_00021.ppm,2,2,Limite de Velocidade (50km/h),100.00
00018_00022.ppm,2,2,Limite de Velocidade (50km/h),100.00
00018_00023.ppm,2,2,Limite de Velocidade (50km/h),100.00
00018_00024.ppm,2,2,Limite de Velocidade (50km/h),100.00
00018_00025.ppm,2,2,Limite de Velocidade (50km/h),100.00
00018_00026.ppm,2,2,Limite de Velocidade (50km/h),100.00
00018_00027.ppm,2,2,Limite de Velocidade (50km/h),100.00
00018_00028.ppm,2,2,Limite de Velocidade (50km/h),100.00
00018_00029.ppm,2,2,Limite de Velocidade (50km/h),100.00
00019_00000.ppm,2,2,Limite de Velocidade (50km/h),100.00
00019_00001.ppm,2,2,Limite de Velocidade (50km/h),100.00
00019_00002.ppm,2,2,Limite de Velocidade (50km/h),100.00
00019_00003.ppm,2,2,Limite de Velocidade (50km/h),100.00
00019_00004.ppm,2,2,Limite de Velocidade (50km/h),100.00
00019_00005.ppm,2,2,Limite de Velocidade (50km/h),100.00
00019_00006.ppm,2,2,Limite de Velocidade (50km/h),100.00
00019_00007.ppm,2,2,Limite de Velocidade (50km/h),100.00
00019_00008.ppm,2,2,Limite de Velocidade (50km/h),100.00
00019_00009.ppm,2,2,Limite de Velocidade (50km/h),100.00
00019_00010.ppm,2,2,Limite de Velocidade (50km/h),100.00
00019_00011.ppm,2,2,Limite de Velocidade (50km/h),100.00
00019_00012.ppm,2,2,Limite de Velocidade (50km/h),100.00
00019_00013.ppm,2,2,Limite de Velocidade (50km/h),100.00
00019_00014.ppm,2,2,Limite de Velocidade (50km/h),100.00
00019_00015.ppm,2,2,Limite de Velocidade (50km/h),100.00
00019_00016.ppm,2,2,Limite de Velocidade (50km/h),100.00
00019_00017.ppm,2,2,Limite de Velocidade (50km/h),100.00
00019_00018.ppm,2,2,Limite de Velocidade (50km/h),100.00
00019_00019.ppm,2,2,Limite de Velocidade (50km/h),100.00
00019_00020.ppm,2,2,Limite de Velocidade (50km/h),100.00
00019_00021.ppm,2,2,Limite de Velocidade (50km/h),100.00
00019_00022.ppm,2,2,Limite de Velocidade (50km/h),100.00
00019_00023.ppm,2,2,Limite de Velocidade (50km/h),100.00
00019_00024.ppm,2,2,Limite de Velocidade (50km/h),100.00
00019_00025.ppm,2,2,Limite de Velocidade (50km/h),100.00
00019_00026.ppm,2,2,Limite de Velocidade (50km/h),100.00
00019_00027.ppm,2,2,Limite de Velocidade (50km/h),100.00
00019_00028.ppm,2,2,Limite de Velocidade (50km/h),100.00
00019_00029.ppm,2,2,Limite de Velocidade (50km/h),100.00
00020_00000.ppm,2,2,Limite de Velocidade (50km/h),98.98
00020_00001.ppm,2,2,Limite de Velocidade (50km/h),99.51
00020_00002.ppm,2,2,Limite de Velocidade (50km/h),99.97
00020_00003.ppm,2,2,Limite de Velocidade (50km/h),99.93
00020_00004.ppm,2,2,Limite de Velocidade (50km/h),99.99
00020_00005.ppm,2,2,Limite de Velocidade (50km/h),99.80
00020_00006.ppm,2,2,Limite de Velocidade (50km/h),99.96
00020_00007.ppm,2,2,Limite de Velocidade (50km/h),99.95
00020_00008.ppm,2,2,Limite de Velocidade (50km/h),99.79
00020_00009.ppm,2,2,Limite de Velocidade (50km/h),99.97
00020_00010.ppm,2,2,Limite de Velocidade (50km/h),100.00
00020_00011.ppm,2,2,Limite de Velocidade (50km/h),100.00
00020_00012.ppm,2,2,Limite de Velocidade (50km/h),100.00
00020_00013.ppm,2,2,Limite de Velocidade (50km/h),100.00
00020_00014.ppm,2,2,Limite de Velocidade (50km/h),100.00
00020_00015.ppm,2,2,Limite de Velocidade (50km/h),100.00
00020_00016.ppm,2,2,Limite de Velocidade (50km/h),100.00
00020_00017.ppm,2,2,Limite de Velocidade (50km/h),100.00
00020_00018.ppm,2,2,Limite de Velocidade (50km/h),100.00
00020_00019.ppm,2,2,Limite de Velocidade (50km/h),100.00
00020_00020.ppm,2,2,Limite de Velocidade (50km/h),100.00
00020_00021.ppm,2,2,Limite de Velocidade (50km/h),100.00
00020_00022.ppm,2,2,Limite de Velocidade (50km/h),100.00
00020_00023.ppm,2,2,Limite de Velocidade (50km/h),100.00
00020_00024.ppm,2,2,Limite de Velocidade (50km/h),100.00
00020_00025.ppm,2,2,Limite de Velocidade (50km/h),100.00
00020_00026.ppm,2,2,Limite de Velocidade (50km/h),100.00
00020_00027.ppm,2,2,Limite de Velocidade (50km/h),100.00
00020_00028.ppm,2,2,Limite de Velocidade (50km/h),100.00
00020_00029.ppm,2,2,Limite de Velocidade (50km/h),100.00
00021_00000.ppm,2,1,Limite de Velocidade (30km/h),98.91
00021_00001.ppm,2,12,Estrada Principal,99.84
00021_00002.ppm,2,1,Limite de Velocidade (30km/h),84.78
00021_00003.ppm,2,37,Em Frente ou à Esquerda,80.65
00021_00004.ppm,2,1,Limite de Velocidade (30km/h),73.30
00021_00005.ppm,2,1,Limite de Velocidade (30km/h),77.46
00021_00006.ppm,2,1,Limite de Velocidade (30km/h),92.88
00021_00007.ppm,2,1,Limite de Velocidade (30km/h),80.11
00021_00008.ppm,2,1,Limite de Velocidade (30km/h),68.39
00021_00009.ppm,2,2,Limite de Velocidade (50km/h),99.70
00021_00010.ppm,2,2,Limite de Velocidade (50km/h),99.78
00021_00011.ppm,2,2,Limite de Velocidade (50km/h),69.38
00021_00012.ppm,2,2,Limite de Velocidade (50km/h),66.45
00021_00013.ppm,2,2,Limite de Velocidade (50km/h),83.16
00021_00014.ppm,2,2,Limite de Velocidade (50km/h),98.01
00021_00015.ppm,2,2,Limite de Velocidade (50km/h),99.82
00021_00016.ppm,2,2,Limite de Velocidade (50km/h),99.78
00021_00017.ppm,2,2,Limite de Velocidade (50km/h),100.00
00021_00018.ppm,2,2,Limite de Velocidade (50km/h),100.00
00021_00019.ppm,2,2,Limite de Velocidade (50km/h),100.00
00021_00020.ppm,2,2,Limite de Velocidade (50km/h),100.00
00021_00021.ppm,2,2,Limite de Velocidade (50km/h),100.00
00021_00022.ppm,2,2,Limite de Velocidade (50km/h),100.00
00021_00023.ppm,2,2,Limite de Velocidade (50km/h),100.00
00021_00024.ppm,2,2,Limite de Velocidade (50km/h),100.00
00021_00025.ppm,2,2,Limite de Velocidade (50km/h),100.00
00021_00026.ppm,2,2,Limite de Velocidade (50km/h),100.00
00021_00027.ppm,2,2,Limite de Velocidade (50km/h),100.00
00021_00028.ppm,2,2,Limite de Velocidade (50km/h),100.00
00021_00029.ppm,2,2,Limite de Velocidade (50km/h),100.00
00022_00000.ppm,2,2,Limite de Velocidade (50km/h),89.64
00022_00001.ppm,2,2,Limite de Velocidade (50km/h),97.96
00022_00002.ppm,2,2,Limite de Velocidade (50km/h),58.92
00022_00003.ppm,2,2,Limite de Velocidade (50km/h),96.39
00022_00004.ppm,2,2,Limite de Velocidade (50km/h),90.57
00022_00005.ppm,2,12,Estrada Principal,55.77
00022_00006.ppm,2,1,Limite de Velocidade (30km/h),62.48
00022_00007.ppm,2,1,Limite de Velocidade (30km/h),85.68
00022_00008.ppm,2,1,Limite de Velocidade (30km/h),49.92
00022_00009.ppm,2,2,Limite de Velocidade (50km/h),99.66
00022_00010.ppm,2,2,Limite de Velocidade (50km/h),99.96
00022_00011.ppm,2,2,Limite de Velocidade (50km/h),100.00
00022_00012.ppm,2,2,Limite de Velocidade (50km/h),99.74
00022_00013.ppm,2,2,Limite de Velocidade (50km/h),100.00
00022_00014.ppm,2,2,Limite de Velocidade (50km/h),100.00
00022_00015.ppm,2,2,Limite de Velocidade (50km/h),100.00
00022_00016.ppm,2,2,Limite de Velocidade (50km/h),100.00
00022_00017.ppm,2,2,Limite de Velocidade (50km/h),100.00
00022_00018.ppm,2,2,Limite de Velocidade (50km/h),100.00
00022_00019.ppm,2,2,Limite de Velocidade (50km/h),100.00
00022_00020.ppm,2,2,Limite de Velocidade (50km/h),100.00
00022_00021.ppm,2,2,Limite de Velocidade (50km/h),100.00
00022_00022.ppm,2,2,Limite de Velocidade (50km/h),100.00
00022_00023.ppm,2,2,Limite de Velocidade (50km/h),100.00
00022_00024.ppm,2,2,Limite de Velocidade (50km/h),100.00
00022_00025.ppm,2,2,Limite de Velocidade (50km/h),100.00
00022_00026.ppm,2,2,Limite de Velocidade (50km/h),100.00
00022_00027.ppm,2,2,Limite de Velocidade (50km/h),100.00
00022_00028.ppm,2,2,Limite de Velocidade (50km/h),100.00
00022_00029.ppm,2,2,Limite de Velocidade (50km/h),100.00
00023_00000.ppm,2,2,Limite de Velocidade (50km/h),93.05
00023_00001.ppm,2,1,Limite de Velocidade (30km/h),61.08
00023_00002.ppm,2,2,Limite de Velocidade (50km/h),99.98
00023_00003.ppm,2,2,Limite de Velocidade (50km/h),100.00
00023_00004.ppm,2,2,Limite de Velocidade (50km/h),99.98
00023_00005.ppm,2,2,Limite de Velocidade (50km/h),100.00
00023_00006.ppm,2,2,Limite de Velocidade (50km/h),100.00
00023_00007.ppm,2,2,Limite de Velocidade (50km/h),99.88
00023_00008.ppm,2,2,Limite de Velocidade (50km/h),100.00
00023_00009.ppm,2,2,Limite de Velocidade (50km/h),100.00
00023_00010.ppm,2,2,Limite de Velocidade (50km/h),100.00
00023_00011.ppm,2,2,Limite de Velocidade (50km/h),100.00
00023_00012.ppm,2,2,Limite de Velocidade (50km/h),100.00
00023_00013.ppm,2,2,Limite de Velocidade (50km/h),100.00
00023_00014.ppm,2,2,Limite de Velocidade (50km/h),100.00
00023_00015.ppm,2,2,Limite de Velocidade (50km/h),100.00
00023_00016.ppm,2,2,Limite de Velocidade (50km/h),100.00
00023_00017.ppm,2,2,Limite de Velocidade (50km/h),100.00
00023_00018.ppm,2,2,Limite de Velocidade (50km/h),100.00
00023_00019.ppm,2,2,Limite de Velocidade (50km/h),100.00
00023_00020.ppm,2,2,Limite de Velocidade (50km/h),100.00
00023_00021.ppm,2,2,Limite de Velocidade (50km/h),100.00
00023_00022.ppm,2,2,Limite de Velocidade (50km/h),100.00
00023_00023.ppm,2,2,Limite de Velocidade (50km/h),100.00
00023_00024.ppm,2,2,Limite de Velocidade (50km/h),100.00
00023_00025.ppm,2,2,Limite de Velocidade (50km/h),100.00
00023_00026.ppm,2,2,Limite de Velocidade (50km/h),100.00
00023_00027.ppm,2,2,Limite de Velocidade (50km/h),100.00
00023_00028.ppm,2,2,Limite de Velocidade (50km/h),100.00
00023_00029.ppm,2,2,Limite de Velocidade (50km/h),100.00
00024_00000.ppm,2,2,Limite de Velocidade (50km/h),100.00
00024_00001.ppm,2,2,Limite de Velocidade (50km/h),99.98
00024_00002.ppm,2,2,Limite de Velocidade (50km/h),100.00
00024_00003.ppm,2,2,Limite de Velocidade (50km/h),99.99
00024_00004.ppm,2,2,Limite de Velocidade (50km/h),100.00
00024_00005.ppm,2,2,Limite de Velocidade (50km/h),100.00
00024_00006.ppm,2,2,Limite de Velocidade (50km/h),100.00
00024_00007.ppm,2,2,Limite de Velocidade (50km/h),100.00
00024_00008.ppm,2,2,Limite de Velocidade (50km/h),100.00
00024_00009.ppm,2,2,Limite de Velocidade (50km/h),99.99
00024_00010.ppm,2,2,Limite de Velocidade (50km/h),100.00
00024_00011.ppm,2,2,Limite de Velocidade (50km/h),100.00
00024_00012.ppm,2,2,Limite de Velocidade (50km/h),100.00
00024_00013.ppm,2,2,Limite de Velocidade (50km/h),100.00
00024_00014.ppm,2,2,Limite de Velocidade (50km/h),100.00
00024_00015.ppm,2,2,Limite de Velocidade (50km/h),100.00
00024_00016.ppm,2,2,Limite de Velocidade (50km/h),100.00
00024_00017.ppm,2,2,Limite de Velocidade (50km/h),100.00
00024_00018.ppm,2,2,Limite de Velocidade (50km/h),100.00
00024_00019.ppm,2,2,Limite de Velocidade (50km/h),100.00
00024_00020.ppm,2,2,Limite de Velocidade (50km/h),100.00
00024_00021.ppm,2,2,Limite de Velocidade (50km/h),100.00
00024_00022.ppm,2,2,Limite de Velocidade (50km/h),100.00
00024_00023.ppm,2,2,Limite de Velocidade (50km/h),100.00
00024_00024.ppm,2,2,Limite de Velocidade (50km/h),100.00
00024_00025.ppm,2,2,Limite de Velocidade (50km/h),100.00
00024_00026.ppm,2,2,Limite de Velocidade (50km/h),100.00
00024_00027.ppm,2,2,Limite de Velocidade (50km/h),100.00
00024_00028.ppm,2,2,Limite de Velocidade (50km/h),100.00
00024_00029.ppm,2,2,Limite de Velocidade (50km/h),100.00
00025_00000.ppm,2,2,Limite de Velocidade (50km/h),73.34
00025_00001.ppm,2,2,Limite de Velocidade (50km/h),83.81
00025_00002.ppm,2,2,Limite de Velocidade (50km/h),89.85
00025_00003.ppm,2,2,Limite de Velocidade (50km/h),99.94
00025_00004.ppm,2,2,Limite de Velocidade (50km/h),99.88
00025_00005.ppm,2,2,Limite de Velocidade (50km/h),98.94
00025_00006.ppm,2,2,Limite de Velocidade (50km/h),99.99
00025_00007.ppm,2,12,Estrada Principal,98.30
00025_00008.ppm,2,2,Limite de Velocidade (50km/h),100.00
00025_00009.ppm,2,2,Limite de Velocidade (50km/h),100.00
00025_00010.ppm,2,2,Limite de Velocidade (50km/h),100.00
00025_00011.ppm,2,2,Limite de Velocidade (50km/h),100.00
00025_00012.ppm,2,2,Limite de Velocidade (50km/h),99.64
00025_00013.ppm,2,2,Limite de Velocidade (50km/h),100.00
00025_00014.ppm,2,2,Limite de Velocidade (50km/h),100.00
00025_00015.ppm,2,2,Limite de Velocidade (50km/h),100.00
00025_00016.ppm,2,2,Limite de Velocidade (50km/h),100.00
00025_00017.ppm,2,2,Limite de Velocidade (50km/h),100.00
00025_00018.ppm,2,2,Limite de Velocidade (50km/h),100.00
00025_00019.ppm,2,2,Limite de Velocidade (50km/h),100.00
00025_00020.ppm,2,2,Limite de Velocidade (50km/h),100.00
00025_00021.ppm,2,2,Limite de Velocidade (50km/h),100.00
00025_00022.ppm,2,2,Limite de Velocidade (50km/h),100.00
00025_00023.ppm,2,2,Limite de Velocidade (50km/h),100.00
00025_00024.ppm,2,2,Limite de Velocidade (50km/h),100.00
00025_00025.ppm,2,2,Limite de Velocidade (50km/h),100.00
00025_00026.ppm,2,2,Limite de Velocidade (50km/h),100.00
00025_00027.ppm,2,2,Limite de Velocidade (50km/h),100.00
00025_00028.ppm,2,2,Limite de Velocidade (50km/h),100.00
00025_00029.ppm,2,2,Limite de Velocidade (50km/h),100.00
00026_00000.ppm,2,2,Limite de Velocidade (50km/h),99.91
00026_00001.ppm,2,2,Limite de Velocidade (50km/h),99.99
00026_00002.ppm,2,2,Limite de Velocidade (50km/h),100.00
00026_00003.ppm,2,2,Limite de Velocidade (50km/h),100.00
00026_00004.ppm,2,2,Limite de Velocidade (50km/h),100.00
00026_00005.ppm,2,2,Limite de Velocidade (50km/h),100.00
00026_00006.ppm,2,2,Limite de Velocidade (50km/h),100.00
00026_00007.ppm,2,2,Limite de Velocidade (50km/h),100.00
00026_00008.ppm,2,2,Limite de Velocidade (50km/h),100.00
00026_00009.ppm,2,2,Limite de Velocidade (50km/h),99.99
00026_00010.ppm,2,2,Limite de Velocidade (50km/h),99.99
00026_00011.ppm,2,2,Limite de Velocidade (50km/h),100.00
00026_00012.ppm,2,2,Limite de Velocidade (50km/h),100.00
00026_00013.ppm,2,2,Limite de Velocidade (50km/h),100.00
00026_00014.ppm,2,2,Limite de Velocidade (50km/h),100.00
00026_00015.ppm,2,2,Limite de Velocidade (50km/h),100.00
00026_00016.ppm,2,2,Limite de Velocidade (50km/h),100.00
00026_00017.ppm,2,2,Limite de Velocidade (50km/h),100.00
00026_00018.ppm,2,2,Limite de Velocidade (50km/h),100.00
00026_00019.ppm,2,2,Limite de Velocidade (50km/h),100.00
00026_00020.ppm,2,2,Limite de Velocidade (50km/h),100.00
00026_00021.ppm,2,2,Limite de Velocidade (50km/h),100.00
00026_00022.ppm,2,2,Limite de Velocidade (50km/h),100.00
00026_00023.ppm,2,2,Limite de Velocidade (50km/h),100.00
00026_00024.ppm,2,2,Limite de Velocidade (50km/h),100.00
00026_00025.ppm,2,2,Limite de Velocidade (50km/h),100.00
00026_00026.ppm,2,2,Limite de Velocidade (50km/h),100.00
00026_00027.ppm,2,2,Limite de Velocidade (50km/h),99.99
00026_00028.ppm,2,2,Limite de Velocidade (50km/h),99.97
00026_00029.ppm,2,2,Limite de Velocidade (50km/h),99.95
00027_00000.ppm,2,37,Em Frente ou à Esquerda,77.74
00027_00001.ppm,2,1,Limite de Velocidade (30km/h),75.76
00027_00002.ppm,2,37,Em Frente ou à Esquerda,48.71
00027_00003.ppm,2,4,Limite de Velocidade (70km/h),99.60
00027_00004.ppm,2,12,Estrada Principal,98.02
00027_00005.ppm,2,2,Limite de Velocidade (50km/h),100.00
00027_00006.ppm,2,2,Limite de Velocidade (50km/h),100.00
00027_00007.ppm,2,2,Limite de Velocidade (50km/h),100.00
00027_00008.ppm,2,2,Limite de Velocidade (50km/h),100.00
00027_00009.ppm,2,2,Limite de Velocidade (50km/h),99.94
00027_00010.ppm,2,2,Limite de Velocidade (50km/h),99.94
00027_00011.ppm,2,2,Limite de Velocidade (50km/h),100.00
00027_00012.ppm,2,2,Limite de Velocidade (50km/h),100.00
00027_00013.ppm,2,2,Limite de Velocidade (50km/h),100.00
00027_00014.ppm,2,2,Limite de Velocidade (50km/h),100.00
00027_00015.ppm,2,2,Limite de Velocidade (50km/h),100.00
00027_00016.ppm,2,2,Limite de Velocidade (50km/h),100.00
00027_00017.ppm,2,2,Limite de Velocidade (50km/h),100.00
00027_00018.ppm,2,2,Limite de Velocidade (50km/h),100.00
00027_00019.ppm,2,2,Limite de Velocidade (50km/h),100.00
00027_00020.ppm,2,2,Limite de Velocidade (50km/h),100.00
00027_00021.ppm,2,2,Limite de Velocidade (50km/h),100.00
00027_00022.ppm,2,2,Limite de Velocidade (50km/h),100.00
00027_00023.ppm,2,2,Limite de Velocidade (50km/h),100.00
00027_00024.ppm,2,2,Limite de Velocidade (50km/h),100.00
00027_00025.ppm,2,2,Limite de Velocidade (50km/h),100.00
00027_00026.ppm,2,2,Limite de Velocidade (50km/h),100.00
00027_00027.ppm,2,2,Limite de Velocidade (50km/h),100.00
00027_00028.ppm,2,2,Limite de Velocidade (50km/h),100.00
00027_00029.ppm,2,2,Limite de Velocidade (50km/h),100.00
00028_00000.ppm,2,2,Limite de Velocidade (50km/h),51.49
00028_00001.ppm,2,2,Limite de Velocidade (50km/h),99.99
00028_00002.ppm,2,2,Limite de Velocidade (50km/h),100.00
00028_00003.ppm,2,2,Limite de Velocidade (50km/h),100.00
00028_00004.ppm,2,12,Estrada Principal,91.19
00028_00005.ppm,2,2,Limite de Velocidade (50km/h),87.00
00028_00006.ppm,2,12,Estrada Principal,54.24
00028_00007.ppm,2,12,Estrada Principal,77.34
00028_00008.ppm,2,12,Estrada Principal,99.65
00028_00009.ppm,2,1,Limite de Velocidade (30km/h),66.35
00028_00010.ppm,2,2,Limite de Velocidade (50km/h),100.00
00028_00011.ppm,2,2,Limite de Velocidade (50km/h),100.00
00028_00012.ppm,2,2,Limite de Velocidade (50km/h),100.00
00028_00013.ppm,2,2,Limite de Velocidade (50km/h),100.00
00028_00014.ppm,2,2,Limite de Velocidade (50km/h),100.00
00028_00015.ppm,2,2,Limite de Velocidade (50km/h),100.00
00028_00016.ppm,2,2,Limite de Velocidade (50km/h),99.99
00028_00017.ppm,2,2,Limite de Velocidade (50km/h),100.00
00028_00018.ppm,2,2,Limite de Velocidade (50km/h),100.00
00028_00019.ppm,2,2,Limite de Velocidade (50km/h),100.00
00028_00020.ppm,2,2,Limite de Velocidade (50km/h),100.00
00028_00021.ppm,2,2,Limite de Velocidade (50km/h),100.00
00028_00022.ppm,2,2,Limite de Velocidade (50km/h),100.00
00028_00023.ppm,2,2,Limite de Velocidade (50km/h),100.00
00028_00024.ppm,2,2,Limite de Velocidade (50km/h),100.00
00028_00025.ppm,2,2,Limite de Velocidade (50km/h),100.00
00028_00026.ppm,2,2,Limite de Velocidade (50km/h),100.00
00028_00027.ppm,2,2,Limite de Velocidade (50km/h),99.99
00028_00028.ppm,2,2,Limite de Velocidade (50km/h),99.94
00028_00029.ppm,2,2,Limite de Velocidade (50km/h),100.00
00029_00000.ppm,2,2,Limite de Velocidade (50km/h),99.70
00029_00001.ppm,2,2,Limite de Velocidade (50km/h),99.39
00029_00002.ppm,2,2,Limite de Velocidade (50km/h),98.51
00029_00003.ppm,2,2,Limite de Velocidade (50km/h),99.32
00029_00004.ppm,2,2,Limite de Velocidade (50km/h),99.98
00029_00005.ppm,2,2,Limite de Velocidade (50km/h),99.98
00029_00006.ppm,2,2,Limite de Velocidade (50km/h),100.00
00029_00007.ppm,2,2,Limite de Velocidade (50km/h),100.00
00029_00008.ppm,2,2,Limite de Velocidade (50km/h),100.00
00029_00009.ppm,2,2,Limite de Velocidade (50km/h),100.00
00029_00010.ppm,2,2,Limite de Velocidade (50km/h),100.00
00029_00011.ppm,2,2,Limite de Velocidade (50km/h),99.99
00029_00012.ppm,2,2,Limite de Velocidade (50km/h),100.00
00029_00013.ppm,2,2,Limite de Velocidade (50km/h),100.00
00029_00014.ppm,2,2,Limite de Velocidade (50km/h),100.00
00029_00015.ppm,2,2,Limite de Velocidade (50km/h),100.00
00029_00016.ppm,2,2,Limite de Velocidade (50km/h),99.94
00029_00017.ppm,2,2,Limite de Velocidade (50km/h),100.00
00029_00018.ppm,2,2,Limite de Velocidade (50km/h),99.91
00029_00019.ppm,2,2,Limite de Velocidade (50km/h),99.94
00029_00020.ppm,2,2,Limite de Velocidade (50km/h),100.00
00029_00021.ppm,2,2,Limite de Velocidade (50km/h),100.00
00029_00022.ppm,2,2,Limite de Velocidade (50km/h),100.00
00029_00023.ppm,2,2,Limite de Velocidade (50km/h),100.00
00029_00024.ppm,2,2,Limite de Velocidade (50km/h),100.00
00029_00025.ppm,2,2,Limite de Velocidade (50km/h),100.00
00029_00026.ppm,2,2,Limite de Velocidade (50km/h),100.00
00029_00027.ppm,2,2,Limite de Velocidade (50km/h),100.00
00029_00028.ppm,2,2,Limite de Velocidade (50km/h),100.00
00029_00029.ppm,2,2,Limite de Velocidade (50km/h),100.00
00030_00000.ppm,2,1,Limite de Velocidade (30km/h),79.83
00030_00001.ppm,2,2,Limite de Velocidade (50km/h),94.33
00030_00002.ppm,2,5,Limite de Velocidade (80km/h),49.25
00030_00003.ppm,2,4,Limite de Velocidade (70km/h),46.00
00030_00004.ppm,2,11,Interseção com Prioridade,74.00
00030_00005.ppm,2,2,Limite de Velocidade (50km/h),100.00
00030_00006.ppm,2,2,Limite de Velocidade (50km/h),99.96
00030_00007.ppm,2,2,Limite de Velocidade (50km/h),99.78
00030_00008.ppm,2,2,Limite de Velocidade (50km/h),99.43
00030_00009.ppm,2,2,Limite de Velocidade (50km/h),99.97
00030_00010.ppm,2,2,Limite de Velocidade (50km/h),99.97
00030_00011.ppm,2,2,Limite de Velocidade (50km/h),100.00
00030_00012.ppm,2,2,Limite de Velocidade (50km/h),99.99
00030_00013.ppm,2,8,Limite de Velocidade (120km/h),71.79
00030_00014.ppm,2,2,Limite de Velocidade (50km/h),97.82
00030_00015.ppm,2,2,Limite de Velocidade (50km/h),100.00
00030_00016.ppm,2,2,Limite de Velocidade (50km/h),100.00
00030_00017.ppm,2,2,Limite de Velocidade (50km/h),100.00
00030_00018.ppm,2,2,Limite de Velocidade (50km/h),100.00
00030_00019.ppm,2,2,Limite de Velocidade (50km/h),100.00
00030_00020.ppm,2,2,Limite de Velocidade (50km/h),100.00
00030_00021.ppm,2,2,Limite de Velocidade (50km/h),99.95
00030_00022.ppm,2,2,Limite de Velocidade (50km/h),99.72
00030_00023.ppm,2,2,Limite de Velocidade (50km/h),99.28
00030_00024.ppm,2,2,Limite de Velocidade (50km/h),100.00
00030_00025.ppm,2,2,Limite de Velocidade (50km/h),99.97
00030_00026.ppm,2,2,Limite de Velocidade (50km/h),99.97
00030_00027.ppm,2,2,Limite de Velocidade (50km/h),90.68
00030_00028.ppm,2,2,Limite de Velocidade (50km/h),70.35
00030_00029.ppm,2,2,Limite de Velocidade (50km/h),94.48
00031_00000.ppm,2,2,Limite de Velocidade (50km/h),99.92
00031_00001.ppm,2,2,Limite de Velocidade (50km/h),92.84
00031_00002.ppm,2,2,Limite de Velocidade (50km/h),99.88
00031_00003.ppm,2,2,Limite de Velocidade (50km/h),99.89
00031_00004.ppm,2,2,Limite de Velocidade (50km/h),99.98
00031_00005.ppm,2,2,Limite de Velocidade (50km/h),99.53
00031_00006.ppm,2,2,Limite de Velocidade (50km/h),99.50
00031_00007.ppm,2,2,Limite de Velocidade (50km/h),99.98
00031_00008.ppm,2,2,Limite de Velocidade (50km/h),99.93
00031_00009.ppm,2,2,Limite de Velocidade (50km/h),99.99
00031_00010.ppm,2,2,Limite de Velocidade (50km/h),99.98
00031_00011.ppm,2,2,Limite de Velocidade (50km/h),99.99
00031_00012.ppm,2,2,Limite de Velocidade (50km/h),99.93
00031_00013.ppm,2,2,Limite de Velocidade (50km/h),99.97
00031_00014.ppm,2,2,Limite de Velocidade (50km/h),100.00
00031_00015.ppm,2,2,Limite de Velocidade (50km/h),100.00
00031_00016.ppm,2,2,Limite de Velocidade (50km/h),99.99
00031_00017.ppm,2,2,Limite de Velocidade (50km/h),100.00
00031_00018.ppm,2,2,Limite de Velocidade (50km/h),100.00
00031_00019.ppm,2,2,Limite de Velocidade (50km/h),100.00
00031_00020.ppm,2,2,Limite de Velocidade (50km/h),99.99
00031_00021.ppm,2,2,Limite de Velocidade (50km/h),100.00
00031_00022.ppm,2,2,Limite de Velocidade (50km/h),100.00
00031_00023.ppm,2,2,Limite de Velocidade (50km/h),100.00
00031_00024.ppm,2,2,Limite de Velocidade (50km/h),100.00
00031_00025.ppm,2,2,Limite de Velocidade (50km/h),100.00
00031_00026.ppm,2,2,Limite de Velocidade (50km/h),100.00
00031_00027.ppm,2,2,Limite de Velocidade (50km/h),100.00
00031_00028.ppm,2,2,Limite de Velocidade (50km/h),100.00
00031_00029.ppm,2,2,Limite de Velocidade (50km/h),100.00
00032_00000.ppm,2,2,Limite de Velocidade (50km/h),95.24
00032_00001.ppm,2,2,Limite de Velocidade (50km/h),92.01
00032_00002.ppm,2,2,Limite de Velocidade (50km/h),97.75
00032_00003.ppm,2,2,Limite de Velocidade (50km/h),98.27
00032_00004.ppm,2,2,Limite de Velocidade (50km/h),80.11
00032_00005.ppm,2,2,Limite de Velocidade (50km/h),99.99
00032_00006.ppm,2,2,Limite de Velocidade (50km/h),98.79
00032_00007.ppm,2,2,Limite de Velocidade (50km/h),99.33
00032_00008.ppm,2,2,Limite de Velocidade (50km/h),89.95
00032_00009.ppm,2,2,Limite de Velocidade (50km/h),96.10
00032_00010.ppm,2,2,Limite de Velocidade (50km/h),98.84
00032_00011.ppm,2,2,Limite de Velocidade (50km/h),99.81
00032_00012.ppm,2,2,Limite de Velocidade (50km/h),99.99
00032_00013.ppm,2,2,Limite de Velocidade (50km/h),99.42
00032_00014.ppm,2,2,Limite de Velocidade (50km/h),99.81
00032_00015.ppm,2,2,Limite de Velocidade (50km/h),99.99
00032_00016.ppm,2,2,Limite de Velocidade (50km/h),99.92
00032_00017.ppm,2,2,Limite de Velocidade (50km/h),100.00
00032_00018.ppm,2,2,Limite de Velocidade (50km/h),99.90
00032_00019.ppm,2,2,Limite de Velocidade (50km/h),99.98
00032_00020.ppm,2,2,Limite de Velocidade (50km/h),100.00
00032_00021.ppm,2,2,Limite de Velocidade (50km/h),97.29
00032_00022.ppm,2,2,Limite de Velocidade (50km/h),99.94
00032_00023.ppm,2,2,Limite de Velocidade (50km/h),99.99
00032_00024.ppm,2,2,Limite de Velocidade (50km/h),100.00
00032_00025.ppm,2,2,Limite de Velocidade (50km/h),100.00
00032_00026.ppm,2,2,Limite de Velocidade (50km/h),100.00
00032_00027.ppm,2,2,Limite de Velocidade (50km/h),99.89
00032_00028.ppm,2,2,Limite de Velocidade (50km/h),100.00
00032_00029.ppm,2,2,Limite de Velocidade (50km/h),100.00
00033_00000.ppm,2,2,Limite de Velocidade (50km/h),99.96
00033_00001.ppm,2,2,Limite de Velocidade (50km/h),99.90
00033_00002.ppm,2,2,Limite de Velocidade (50km/h),99.78
00033_00003.ppm,2,2,Limite de Velocidade (50km/h),99.88
00033_00004.ppm,2,2,Limite de Velocidade (50km/h),99.99
00033_00005.ppm,2,2,Limite de Velocidade (50km/h),99.87
00033_00006.ppm,2,2,Limite de Velocidade (50km/h),99.99
00033_00007.ppm,2,2,Limite de Velocidade (50km/h),99.94
00033_00008.ppm,2,2,Limite de Velocidade (50km/h),99.66
00033_00009.ppm,2,2,Limite de Velocidade (50km/h),99.97
00033_00010.ppm,2,2,Limite de Velocidade (50km/h),100.00
00033_00011.ppm,2,2,Limite de Velocidade (50km/h),99.97
00033_00012.ppm,2,2,Limite de Velocidade (50km/h),99.92
00033_00013.ppm,2,2,Limite de Velocidade (50km/h),99.98
00033_00014.ppm,2,2,Limite de Velocidade (50km/h),100.00
00033_00015.ppm,2,2,Limite de Velocidade (50km/h),100.00
00033_00016.ppm,2,2,Limite de Velocidade (50km/h),99.61
00033_00017.ppm,2,2,Limite de Velocidade (50km/h),100.00
00033_00018.ppm,2,2,Limite de Velocidade (50km/h),100.00
00033_00019.ppm,2,2,Limite de Velocidade (50km/h),100.00
00033_00020.ppm,2,2,Limite de Velocidade (50km/h),100.00
00033_00021.ppm,2,2,Limite de Velocidade (50km/h),99.98
00033_00022.ppm,2,2,Limite de Velocidade (50km/h),100.00
00033_00023.ppm,2,2,Limite de Velocidade (50km/h),100.00
00033_00024.ppm,2,2,Limite de Velocidade (50km/h),100.00
00033_00025.ppm,2,2,Limite de Velocidade (50km/h),100.00
00033_00026.ppm,2,2,Limite de Velocidade (50km/h),100.00
00033_00027.ppm,2,2,Limite de Velocidade (50km/h),100.00
00033_00028.ppm,2,2,Limite de Velocidade (50km/h),100.00
00033_00029.ppm,2,2,Limite de Velocidade (50km/h),100.00
00034_00000.ppm,2,2,Limite de Velocidade (50km/h),94.63
00034_00001.ppm,2,2,Limite de Velocidade (50km/h),99.84
00034_00002.ppm,2,2,Limite de Velocidade (50km/h),93.05
00034_00003.ppm,2,2,Limite de Velocidade (50km/h),97.27
00034_00004.ppm,2,2,Limite de Velocidade (50km/h),97.98
00034_00005.ppm,2,2,Limite de Velocidade (50km/h),99.73
00034_00006.ppm,2,2,Limite de Velocidade (50km/h),97.56
00034_00007.ppm,2,2,Limite de Velocidade (50km/h),99.97
00034_00008.ppm,2,2,Limite de Velocidade (50km/h),99.92
00034_00009.ppm,2,2,Limite de Velocidade (50km/h),99.59
00034_00010.ppm,2,2,Limite de Velocidade (50km/h),99.93
00034_00011.ppm,2,2,Limite de Velocidade (50km/h),99.95
00034_00012.ppm,2,2,Limite de Velocidade (50km/h),99.57
00034_00013.ppm,2,2,Limite de Velocidade (50km/h),100.00
00034_00014.ppm,2,2,Limite de Velocidade (50km/h),100.00
00034_00015.ppm,2,2,Limite de Velocidade (50km/h),100.00
00034_00016.ppm,2,2,Limite de Velocidade (50km/h),100.00
00034_00017.ppm,2,2,Limite de Velocidade (50km/h),100.00
00034_00018.ppm,2,2,Limite de Velocidade (50km/h),100.00
00034_00019.ppm,2,2,Limite de Velocidade (50km/h),100.00
00034_00020.ppm,2,2,Limite de Velocidade (50km/h),99.99
00034_00021.ppm,2,2,Limite de Velocidade (50km/h),100.00
00034_00022.ppm,2,2,Limite de Velocidade (50km/h),100.00
00034_00023.ppm,2,2,Limite de Velocidade (50km/h),100.00
00034_00024.ppm,2,2,Limite de Velocidade (50km/h),100.00
00034_00025.ppm,2,2,Limite de Velocidade (50km/h),100.00
00034_00026.ppm,2,2,Limite de Velocidade (50km/h),100.00
00034_00027.ppm,2,2,Limite de Velocidade (50km/h),100.00
00034_00028.ppm,2,2,Limite de Velocidade (50km/h),100.00
00034_00029.ppm,2,2,Limite de Velocidade (50km/h),100.00
00035_00000.ppm,2,2,Limite de Velocidade (50km/h),99.87
00035_00001.ppm,2,2,Limite de Velocidade (50km/h),91.50
00035_00002.ppm,2,2,Limite de Velocidade (50km/h),99.74
00035_00003.ppm,2,2,Limite de Velocidade (50km/h),99.98
00035_00004.ppm,2,2,Limite de Velocidade (50km/h),99.87
00035_00005.ppm,2,2,Limite de Velocidade (50km/h),100.00
00035_00006.ppm,2,37,Em Frente ou à Esquerda,79.30
00035_00007.ppm,2,2,Limite de Velocidade (50km/h),99.22
00035_00008.ppm,2,2,Limite de Velocidade (50km/h),100.00
00035_00009.ppm,2,39,Mantenha-se à Esquerda,51.35
00035_00010.ppm,2,2,Limite de Velocidade (50km/h),98.91
00035_00011.ppm,2,2,Limite de Velocidade (50km/h),100.00
00035_00012.ppm,2,2,Limite de Velocidade (50km/h),99.99
00035_00013.ppm,2,2,Limite de Velocidade (50km/h),99.99
00035_00014.ppm,2,2,Limite de Velocidade (50km/h),100.00
00035_00015.ppm,2,2,Limite de Velocidade (50km/h),100.00
00035_00016.ppm,2,2,Limite de Velocidade (50km/h),100.00
00035_00017.ppm,2,2,Limite de Velocidade (50km/h),100.00
00035_00018.ppm,2,2,Limite de Velocidade (50km/h),100.00
00035_00019.ppm,2,2,Limite de Velocidade (50km/h),100.00
00035_00020.ppm,2,2,Limite de Velocidade (50km/h),100.00
00035_00021.ppm,2,2,Limite de Velocidade (50km/h),100.00
00035_00022.ppm,2,2,Limite de Velocidade (50km/h),100.00
00035_00023.ppm,2,2,Limite de Velocidade (50km/h),100.00
00035_00024.ppm,2,2,Limite de Velocidade (50km/h),99.98
00035_00025.ppm,2,2,Limite de Velocidade (50km/h),100.00
00035_00026.ppm,2,2,Limite de Velocidade (50km/h),100.00
00035_00027.ppm,2,2,Limite de Velocidade (50km/h),100.00
00035_00028.ppm,2,2,Limite de Velocidade (50km/h),100.00
00035_00029.ppm,2,2,Limite de Velocidade (50km/h),99.93
00036_00000.ppm,2,2,Limite de Velocidade (50km/h),99.49
00036_00001.ppm,2,2,Limite de Velocidade (50km/h),97.52
00036_00002.ppm,2,2,Limite de Velocidade (50km/h),96.03
00036_00003.ppm,2,2,Limite de Velocidade (50km/h),94.75
00036_00004.ppm,2,2,Limite de Velocidade (50km/h),97.09
00036_00005.ppm,2,2,Limite de Velocidade (50km/h),99.15
00036_00006.ppm,2,2,Limite de Velocidade (50km/h),99.91
00036_00007.ppm,2,2,Limite de Velocidade (50km/h),92.54
00036_00008.ppm,2,2,Limite de Velocidade (50km/h),98.39
00036_00009.ppm,2,2,Limite de Velocidade (50km/h),99.79
00036_00010.ppm,2,2,Limite de Velocidade (50km/h),98.02
00036_00011.ppm,2,2,Limite de Velocidade (50km/h),99.92
00036_00012.ppm,2,2,Limite de Velocidade (50km/h),99.57
00036_00013.ppm,2,2,Limite de Velocidade (50km/h),99.95
00036_00014.ppm,2,2,Limite de Velocidade (50km/h),87.04
00036_00015.ppm,2,2,Limite de Velocidade (50km/h),99.36
00036_00016.ppm,2,2,Limite de Velocidade (50km/h),99.87
00036_00017.ppm,2,2,Limite de Velocidade (50km/h),99.97
00036_00018.ppm,2,2,Limite de Velocidade (50km/h),99.97
00036_00019.ppm,2,2,Limite de Velocidade (50km/h),99.94
00036_00020.ppm,2,2,Limite de Velocidade (50km/h),99.99
00036_00021.ppm,2,2,Limite de Velocidade (50km/h),100.00
00036_00022.ppm,2,2,Limite de Velocidade (50km/h),99.27
00036_00023.ppm,2,2,Limite de Velocidade (50km/h),99.87
00036_00024.ppm,2,2,Limite de Velocidade (50km/h),99.87
00036_00025.ppm,2,2,Limite de Velocidade (50km/h),99.99
00036_00026.ppm,2,2,Limite de Velocidade (50km/h),99.98
00036_00027.ppm,2,2,Limite de Velocidade (50km/h),99.99
00036_00028.ppm,2,2,Limite de Velocidade (50km/h),99.99
00036_00029.ppm,2,2,Limite de Velocidade (50km/h),99.47
00037_00000.ppm,2,2,Limite de Velocidade (50km/h),95.40
00037_00001.ppm,2,2,Limite de Velocidade (50km/h),99.50
00037_00002.ppm,2,2,Limite de Velocidade (50km/h),99.83
00037_00003.ppm,2,2,Limite de Velocidade (50km/h),100.00
00037_00004.ppm,2,2,Limite de Velocidade (50km/h),99.28
00037_00005.ppm,2,2,Limite de Velocidade (50km/h),99.97
00037_00006.ppm,2,2,Limite de Velocidade (50km/h),99.98
00037_00007.ppm,2,2,Limite de Velocidade (50km/h),99.26
00037_00008.ppm,2,2,Limite de Velocidade (50km/h),99.75
00037_00009.ppm,2,2,Limite de Velocidade (50km/h),99.99
00037_00010.ppm,2,2,Limite de Velocidade (50km/h),99.65
00037_00011.ppm,2,2,Limite de Velocidade (50km/h),99.80
00037_00012.ppm,2,2,Limite de Velocidade (50km/h),99.97
00037_00013.ppm,2,2,Limite de Velocidade (50km/h),99.99
00037_00014.ppm,2,2,Limite de Velocidade (50km/h),99.99
00037_00015.ppm,2,2,Limite de Velocidade (50km/h),99.69
00037_00016.ppm,2,2,Limite de Velocidade (50km/h),100.00
00037_00017.ppm,2,2,Limite de Velocidade (50km/h),99.98
00037_00018.ppm,2,2,Limite de Velocidade (50km/h),100.00
00037_00019.ppm,2,2,Limite de Velocidade (50km/h),100.00
00037_00020.ppm,2,2,Limite de Velocidade (50km/h),100.00
00037_00021.ppm,2,2,Limite de Velocidade (50km/h),100.00
00037_00022.ppm,2,2,Limite de Velocidade (50km/h),100.00
00037_00023.ppm,2,2,Limite de Velocidade (50km/h),100.00
00037_00024.ppm,2,2,Limite de Velocidade (50km/h),100.00
00037_00025.ppm,2,2,Limite de Velocidade (50km/h),100.00
00037_00026.ppm,2,2,Limite de Velocidade (50km/h),100.00
00037_00027.ppm,2,2,Limite de Velocidade (50km/h),100.00
00037_00028.ppm,2,2,Limite de Velocidade (50km/h),100.00
00037_00029.ppm,2,2,Limite de Velocidade (50km/h),100.00
00038_00000.ppm,2,2,Limite de Velocidade (50km/h),89.91
00038_00001.ppm,2,2,Limite de Velocidade (50km/h),60.66
00038_00002.ppm,2,2,Limite de Velocidade (50km/h),90.80
00038_00003.ppm,2,2,Limite de Velocidade (50km/h),96.87
00038_00004.ppm,2,2,Limite de Velocidade (50km/h),99.68
00038_00005.ppm,2,2,Limite de Velocidade (50km/h),99.56
00038_00006.ppm,2,2,Limite de Velocidade (50km/h),99.79
00038_00007.ppm,2,2,Limite de Velocidade (50km/h),97.92
00038_00008.ppm,2,2,Limite de Velocidade (50km/h),100.00
00038_00009.ppm,2,2,Limite de Velocidade (50km/h),99.55
00038_00010.ppm,2,2,Limite de Velocidade (50km/h),99.99
00038_00011.ppm,2,2,Limite de Velocidade (50km/h),99.37
00038_00012.ppm,2,2,Limite de Velocidade (50km/h),98.30
00038_00013.ppm,2,2,Limite de Velocidade (50km/h),99.37
00038_00014.ppm,2,2,Limite de Velocidade (50km/h),99.80
00038_00015.ppm,2,2,Limite de Velocidade (50km/h),98.96
00038_00016.ppm,2,2,Limite de Velocidade (50km/h),99.86
00038_00017.ppm,2,2,Limite de Velocidade (50km/h),99.99
00038_00018.ppm,2,2,Limite de Velocidade (50km/h),99.99
00038_00019.ppm,2,2,Limite de Velocidade (50km/h),100.00
00038_00020.ppm,2,2,Limite de Velocidade (50km/h),99.78
00038_00021.ppm,2,2,Limite de Velocidade (50km/h),99.91
00038_00022.ppm,2,2,Limite de Velocidade (50km/h),99.93
00038_00023.ppm,2,2,Limite de Velocidade (50km/h),100.00
00038_00024.ppm,2,2,Limite de Velocidade (50km/h),100.00
00038_00025.ppm,2,2,Limite de Velocidade (50km/h),100.00
00038_00026.ppm,2,2,Limite de Velocidade (50km/h),100.00
00038_00027.ppm,2,2,Limite de Velocidade (50km/h),99.85
00038_00028.ppm,2,2,Limite de Velocidade (50km/h),99.26
00038_00029.ppm,2,2,Limite de Velocidade (50km/h),98.52
00039_00000.ppm,2,37,Em Frente ou à Esquerda,70.97
00039_00001.ppm,2,2,Limite de Velocidade (50km/h),100.00
00039_00002.ppm,2,2,Limite de Velocidade (50km/h),100.00
00039_00003.ppm,2,2,Limite de Velocidade (50km/h),100.00
00039_00004.ppm,2,2,Limite de Velocidade (50km/h),100.00
00039_00005.ppm,2,2,Limite de Velocidade (50km/h),100.00
00039_00006.ppm,2,2,Limite de Velocidade (50km/h),99.99
00039_00007.ppm,2,2,Limite de Velocidade (50km/h),99.98
00039_00008.ppm,2,2,Limite de Velocidade (50km/h),100.00
00039_00009.ppm,2,2,Limite de Velocidade (50km/h),100.00
00039_00010.ppm,2,2,Limite de Velocidade (50km/h),100.00
00039_00011.ppm,2,2,Limite de Velocidade (50km/h),100.00
00039_00012.ppm,2,2,Limite de Velocidade (50km/h),100.00
00039_00013.ppm,2,2,Limite de Velocidade (50km/h),100.00
00039_00014.ppm,2,2,Limite de Velocidade (50km/h),100.00
00039_00015.ppm,2,2,Limite de Velocidade (50km/h),100.00
00039_00016.ppm,2,2,Limite de Velocidade (50km/h),100.00
00039_00017.ppm,2,2,Limite de Velocidade (50km/h),100.00
00039_00018.ppm,2,2,Limite de Velocidade (50km/h),100.00
00039_00019.ppm,2,2,Limite de Velocidade (50km/h),100.00
00039_00020.ppm,2,2,Limite de Velocidade (50km/h),100.00
00039_00021.ppm,2,2,Limite de Velocidade (50km/h),100.00
00039_00022.ppm,2,2,Limite de Velocidade (50km/h),100.00
00039_00023.ppm,2,2,Limite de Velocidade (50km/h),100.00
00039_00024.ppm,2,2,Limite de Velocidade (50km/h),100.00
00039_00025.ppm,2,2,Limite de Velocidade (50km/h),100.00
00039_00026.ppm,2,2,Limite de Velocidade (50km/h),100.00
00039_00027.ppm,2,2,Limite de Velocidade (50km/h),100.00
00039_00028.ppm,2,2,Limite de Velocidade (50km/h),100.00
00039_00029.ppm,2,2,Limite de Velocidade (50km/h),100.00
00040_00000.ppm,2,2,Limite de Velocidade (50km/h),66.96
00040_00001.ppm,2,2,Limite de Velocidade (50km/h),96.73
00040_00002.ppm,2,2,Limite de Velocidade (50km/h),98.31
00040_00003.ppm,2,2,Limite de Velocidade (50km/h),84.54
00040_00004.ppm,2,2,Limite de Velocidade (50km/h),99.99
00040_00005.ppm,2,2,Limite de Velocidade (50km/h),99.94
00040_00006.ppm,2,2,Limite de Velocidade (50km/h),99.96
00040_00007.ppm,2,2,Limite de Velocidade (50km/h),98.39
00040_00008.ppm,2,2,Limite de Velocidade (50km/h),99.68
00040_00009.ppm,2,2,Limite de Velocidade (50km/h),100.00
00040_00010.ppm,2,2,Limite de Velocidade (50km/h),99.99
00040_00011.ppm,2,2,Limite de Velocidade (50km/h),100.00
00040_00012.ppm,2,2,Limite de Velocidade (50km/h),99.99
00040_00013.ppm,2,2,Limite de Velocidade (50km/h),98.26
00040_00014.ppm,2,2,Limite de Velocidade (50km/h),100.00
00040_00015.ppm,2,2,Limite de Velocidade (50km/h),100.00
00040_00016.ppm,2,2,Limite de Velocidade (50km/h),100.00
00040_00017.ppm,2,2,Limite de Velocidade (50km/h),100.00
00040_00018.ppm,2,2,Limite de Velocidade (50km/h),100.00
00040_00019.ppm,2,2,Limite de Velocidade (50km/h),100.00
00040_00020.ppm,2,2,Limite de Velocidade (50km/h),100.00
00040_00021.ppm,2,2,Limite de Velocidade (50km/h),100.00
00040_00022.ppm,2,2,Limite de Velocidade (50km/h),100.00
00040_00023.ppm,2,2,Limite de Velocidade (50km/h),100.00
00040_00024.ppm,2,2,Limite de Velocidade (50km/h),100.00
00040_00025.ppm,2,2,Limite de Velocidade (50km/h),100.00
00040_00026.ppm,2,2,Limite de Velocidade (50km/h),100.00
00040_00027.ppm,2,2,Limite de Velocidade (50km/h),100.00
00040_00028.ppm,2,2,Limite de Velocidade (50km/h),100.00
00040_00029.ppm,2,2,Limite de Velocidade (50km/h),100.00
00041_00000.ppm,2,2,Limite de Velocidade (50km/h),88.07
00041_00001.ppm,2,2,Limite de Velocidade (50km/h),33.07
00041_00002.ppm,2,2,Limite de Velocidade (50km/h),99.86
00041_00003.ppm,2,2,Limite de Velocidade (50km/h),97.85
00041_00004.ppm,2,2,Limite de Velocidade (50km/h),96.10
00041_00005.ppm,2,2,Limite de Velocidade (50km/h),100.00
00041_00006.ppm,2,2,Limite de Velocidade (50km/h),100.00
00041_00007.ppm,2,2,Limite de Velocidade (50km/h),99.95
00041_00008.ppm,2,2,Limite de Velocidade (50km/h),99.99
00041_00009.ppm,2,2,Limite de Velocidade (50km/h),97.88
00041_00010.ppm,2,2,Limite de Velocidade (50km/h),99.98
00041_00011.ppm,2,2,Limite de Velocidade (50km/h),100.00
00041_00012.ppm,2,2,Limite de Velocidade (50km/h),99.97
00041_00013.ppm,2,2,Limite de Velocidade (50km/h),99.84
00041_00014.ppm,2,2,Limite de Velocidade (50km/h),100.00
00041_00015.ppm,2,2,Limite de Velocidade (50km/h),100.00
00041_00016.ppm,2,2,Limite de Velocidade (50km/h),100.00
00041_00017.ppm,2,2,Limite de Velocidade (50km/h),100.00
00041_00018.ppm,2,2,Limite de Velocidade (50km/h),100.00
00041_00019.ppm,2,2,Limite de Velocidade (50km/h),100.00
00041_00020.ppm,2,2,Limite de Velocidade (50km/h),100.00
00041_00021.ppm,2,2,Limite de Velocidade (50km/h),100.00
00041_00022.ppm,2,2,Limite de Velocidade (50km/h),100.00
00041_00023.ppm,2,2,Limite de Velocidade (50km/h),100.00
00041_00024.ppm,2,2,Limite de Velocidade (50km/h),100.00
00041_00025.ppm,2,2,Limite de Velocidade (50km/h),100.00
00041_00026.ppm,2,2,Limite de Velocidade (50km/h),100.00
00041_00027.ppm,2,2,Limite de Velocidade (50km/h),100.00
00041_00028.ppm,2,2,Limite de Velocidade (50km/h),100.00
00041_00029.ppm,2,2,Limite de Velocidade (50km/h),100.00
00042_00000.ppm,2,2,Limite de Velocidade (50km/h),99.94
00042_00001.ppm,2,2,Limite de Velocidade (50km/h),99.99
00042_00002.ppm,2,2,Limite de Velocidade (50km/h),99.90
00042_00003.ppm,2,2,Limite de Velocidade (50km/h),98.60
00042_00004.ppm,2,2,Limite de Velocidade (50km/h),100.00
00042_00005.ppm,2,2,Limite de Velocidade (50km/h),100.00
00042_00006.ppm,2,2,Limite de Velocidade (50km/h),99.96
00042_00007.ppm,2,2,Limite de Velocidade (50km/h),99.99
00042_00008.ppm,2,2,Limite de Velocidade (50km/h),100.00
00042_00009.ppm,2,2,Limite de Velocidade (50km/h),100.00
00042_00010.ppm,2,2,Limite de Velocidade (50km/h),100.00
00042_00011.ppm,2,2,Limite de Velocidade (50km/h),100.00
00042_00012.ppm,2,2,Limite de Velocidade (50km/h),100.00
00042_00013.ppm,2,2,Limite de Velocidade (50km/h),100.00
00042_00014.ppm,2,2,Limite de Velocidade (50km/h),100.00
00042_00015.ppm,2,2,Limite de Velocidade (50km/h),100.00
00042_00016.ppm,2,2,Limite de Velocidade (50km/h),100.00
00042_00017.ppm,2,2,Limite de Velocidade (50km/h),100.00
00042_00018.ppm,2,2,Limite de Velocidade (50km/h),100.00
00042_00019.ppm,2,2,Limite de Velocidade (50km/h),100.00
00042_00020.ppm,2,2,Limite de Velocidade (50km/h),100.00
00042_00021.ppm,2,2,Limite de Velocidade (50km/h),100.00
00042_00022.ppm,2,2,Limite de Velocidade (50km/h),100.00
00042_00023.ppm,2,2,Limite de Velocidade (50km/h),100.00
00042_00024.ppm,2,2,Limite de Velocidade (50km/h),100.00
00042_00025.ppm,2,2,Limite de Velocidade (50km/h),100.00
00042_00026.ppm,2,2,Limite de Velocidade (50km/h),100.00
00042_00027.ppm,2,2,Limite de Velocidade (50km/h),100.00
00042_00028.ppm,2,2,Limite de Velocidade (50km/h),100.00
00042_00029.ppm,2,2,Limite de Velocidade (50km/h),100.00
00043_00000.ppm,2,2,Limite de Velocidade (50km/h),99.93
00043_00001.ppm,2,2,Limite de Velocidade (50km/h),99.97
00043_00002.ppm,2,2,Limite de Velocidade (50km/h),99.26
00043_00003.ppm,2,2,Limite de Velocidade (50km/h),96.61
00043_00004.ppm,2,2,Limite de Velocidade (50km/h),99.80
00043_00005.ppm,2,2,Limite de Velocidade (50km/h),98.33
00043_00006.ppm,2,2,Limite de Velocidade (50km/h),99.87
00043_00007.ppm,2,2,Limite de Velocidade (50km/h),99.95
00043_00008.ppm,2,2,Limite de Velocidade (50km/h),99.92
00043_00009.ppm,2,2,Limite de Velocidade (50km/h),99.94
00043_00010.ppm,2,2,Limite de Velocidade (50km/h),100.00
00043_00011.ppm,2,2,Limite de Velocidade (50km/h),100.00
00043_00012.ppm,2,2,Limite de Velocidade (50km/h),100.00
00043_00013.ppm,2,2,Limite de Velocidade (50km/h),100.00
00043_00014.ppm,2,2,Limite de Velocidade (50km/h),100.00
00043_00015.ppm,2,2,Limite de Velocidade (50km/h),99.85
00043_00016.ppm,2,2,Limite de Velocidade (50km/h),99.97
00043_00017.ppm,2,2,Limite de Velocidade (50km/h),99.99
00043_00018.ppm,2,2,Limite de Velocidade (50km/h),100.00
00043_00019.ppm,2,2,Limite de Velocidade (50km/h),99.99
00043_00020.ppm,2,2,Limite de Velocidade (50km/h),100.00
00043_00021.ppm,2,2,Limite de Velocidade (50km/h),100.00
00043_00022.ppm,2,2,Limite de Velocidade (50km/h),100.00
00043_00023.ppm,2,2,Limite de Velocidade (50km/h),100.00
00043_00024.ppm,2,2,Limite de Velocidade (50km/h),100.00
00043_00025.ppm,2,2,Limite de Velocidade (50km/h),100.00
00043_00026.ppm,2,2,Limite de Velocidade (50km/h),100.00
00043_00027.ppm,2,2,Limite de Velocidade (50km/h),100.00
00043_00028.ppm,2,2,Limite de Velocidade (50km/h),99.98
00043_00029.ppm,2,2,Limite de Velocidade (50km/h),99.86
00044_00000.ppm,2,2,Limite de Velocidade (50km/h),100.00
00044_00001.ppm,2,2,Limite de Velocidade (50km/h),99.99
00044_00002.ppm,2,2,Limite de Velocidade (50km/h),99.98
00044_00003.ppm,2,2,Limite de Velocidade (50km/h),99.94
00044_00004.ppm,2,2,Limite de Velocidade (50km/h),99.97
00044_00005.ppm,2,2,Limite de Velocidade (50km/h),100.00
00044_00006.ppm,2,2,Limite de Velocidade (50km/h),100.00
00044_00007.ppm,2,2,Limite de Velocidade (50km/h),100.00
00044_00008.ppm,2,2,Limite de Velocidade (50km/h),100.00
00044_00009.ppm,2,2,Limite de Velocidade (50km/h),100.00
00044_00010.ppm,2,2,Limite de Velocidade (50km/h),100.00
00044_00011.ppm,2,2,Limite de Velocidade (50km/h),100.00
00044_00012.ppm,2,2,Limite de Velocidade (50km/h),100.00
00044_00013.ppm,2,2,Limite de Velocidade (50km/h),100.00
00044_00014.ppm,2,2,Limite de Velocidade (50km/h),100.00
00044_00015.ppm,2,2,Limite de Velocidade (50km/h),100.00
00044_00016.ppm,2,2,Limite de Velocidade (50km/h),100.00
00044_00017.ppm,2,2,Limite de Velocidade (50km/h),100.00
00044_00018.ppm,2,2,Limite de Velocidade (50km/h),100.00
00044_00019.ppm,2,2,Limite de Velocidade (50km/h),100.00
00044_00020.ppm,2,2,Limite de Velocidade (50km/h),100.00
00044_00021.ppm,2,2,Limite de Velocidade (50km/h),100.00
00044_00022.ppm,2,2,Limite de Velocidade (50km/h),100.00
00044_00023.ppm,2,2,Limite de Velocidade (50km/h),100.00
00044_00024.ppm,2,2,Limite de Velocidade (50km/h),100.00
00044_00025.ppm,2,2,Limite de Velocidade (50km/h),100.00
00044_00026.ppm,2,2,Limite de Velocidade (50km/h),100.00
00044_00027.ppm,2,2,Limite de Velocidade (50km/h),100.00
00044_00028.ppm,2,2,Limite de Velocidade (50km/h),100.00
00044_00029.ppm,2,2,Limite de Velocidade (50km/h),100.00
00045_00000.ppm,2,2,Limite de Velocidade (50km/h),99.56
00045_00001.ppm,2,2,Limite de Velocidade (50km/h),99.42
00045_00002.ppm,2,2,Limite de Velocidade (50km/h),99.64
00045_00003.ppm,2,2,Limite de Velocidade (50km/h),99.68
00045_00004.ppm,2,2,Limite de Velocidade (50km/h),98.39
00045_00005.ppm,2,2,Limite de Velocidade (50km/h),99.53
00045_00006.ppm,2,2,Limite de Velocidade (50km/h),99.97
00045_00007.ppm,2,2,Limite de Velocidade (50km/h),99.83
00045_00008.ppm,2,2,Limite de Velocidade (50km/h),99.98
00045_00009.ppm,2,2,Limite de Velocidade (50km/h),99.99
00045_00010.ppm,2,2,Limite de Velocidade (50km/h),99.99
00045_00011.ppm,2,2,Limite de Velocidade (50km/h),99.99
00045_00012.ppm,2,2,Limite de Velocidade (50km/h),99.88
00045_00013.ppm,2,2,Limite de Velocidade (50km/h),99.99
00045_00014.ppm,2,2,Limite de Velocidade (50km/h),99.96
00045_00015.ppm,2,2,Limite de Velocidade (50km/h),99.46
00045_00016.ppm,2,2,Limite de Velocidade (50km/h),100.00
00045_00017.ppm,2,2,Limite de Velocidade (50km/h),99.98
00045_00018.ppm,2,2,Limite de Velocidade (50km/h),100.00
00045_00019.ppm,2,2,Limite de Velocidade (50km/h),100.00
00045_00020.ppm,2,2,Limite de Velocidade (50km/h),99.97
00045_00021.ppm,2,2,Limite de Velocidade (50km/h),100.00
00045_00022.ppm,2,2,Limite de Velocidade (50km/h),100.00
00045_00023.ppm,2,2,Limite de Velocidade (50km/h),100.00
00045_00024.ppm,2,2,Limite de Velocidade (50km/h),99.98
00045_00025.ppm,2,2,Limite de Velocidade (50km/h),100.00
00045_00026.ppm,2,2,Limite de Velocidade (50km/h),100.00
00045_00027.ppm,2,2,Limite de Velocidade (50km/h),100.00
00045_00028.ppm,2,2,Limite de Velocidade (50km/h),100.00
00045_00029.ppm,2,2,Limite de Velocidade (50km/h),99.93
00046_00000.ppm,2,1,Limite de Velocidade (30km/h),92.12
00046_00001.ppm,2,1,Limite de Velocidade (30km/h),56.92
00046_00002.ppm,2,1,Limite de Velocidade (30km/h),71.55
00046_00003.ppm,2,1,Limite de Velocidade (30km/h),98.05
00046_00004.ppm,2,2,Limite de Velocidade (50km/h),53.57
00046_00005.ppm,2,2,Limite de Velocidade (50km/h),86.40
00046_00006.ppm,2,2,Limite de Velocidade (50km/h),49.88
00046_00007.ppm,2,1,Limite de Velocidade (30km/h),51.22
00046_00008.ppm,2,2,Limite de Velocidade (50km/h),50.96
00046_00009.ppm,2,2,Limite de Velocidade (50km/h),64.38
00046_00010.ppm,2,2,Limite de Velocidade (50km/h),87.14
00046_00011.ppm,2,1,Limite de Velocidade (30km/h),93.30
00046_00012.ppm,2,2,Limite de Velocidade (50km/h),96.39
00046_00013.ppm,2,2,Limite de Velocidade (50km/h),78.08
00046_00014.ppm,2,2,Limite de Velocidade (50km/h),98.62
00046_00015.ppm,2,2,Limite de Velocidade (50km/h),75.70
00046_00016.ppm,2,2,Limite de Velocidade (50km/h),96.63
00046_00017.ppm,2,2,Limite de Velocidade (50km/h),98.92
00046_00018.ppm,2,2,Limite de Velocidade (50km/h),99.99
00046_00019.ppm,2,2,Limite de Velocidade (50km/h),99.24
00046_00020.ppm,2,2,Limite de Velocidade (50km/h),81.78
00046_00021.ppm,2,2,Limite de Velocidade (50km/h),92.54
00046_00022.ppm,2,2,Limite de Velocidade (50km/h),100.00
00046_00023.ppm,2,2,Limite de Velocidade (50km/h),99.91
00046_00024.ppm,2,2,Limite de Velocidade (50km/h),99.19
00046_00025.ppm,2,2,Limite de Velocidade (50km/h),96.92
00046_00026.ppm,2,2,Limite de Velocidade (50km/h),95.57
00046_00027.ppm,2,2,Limite de Velocidade (50km/h),100.00
00046_00028.ppm,2,2,Limite de Velocidade (50km/h),100.00
00046_00029.ppm,2,2,Limite de Velocidade (50km/h),100.00
00047_00000.ppm,2,1,Limite de Velocidade (30km/h),67.06
00047_00001.ppm,2,8,Limite de Velocidade (120km/h),26.32
00047_00002.ppm,2,2,Limite de Velocidade (50km/h),93.29
00047_00003.ppm,2,2,Limite de Velocidade (50km/h),72.79
00047_00004.ppm,2,2,Limite de Velocidade (50km/h),96.99
00047_00005.ppm,2,2,Limite de Velocidade (50km/h),83.14
00047_00006.ppm,2,2,Limite de Velocidade (50km/h),94.31
00047_00007.ppm,2,2,Limite de Velocidade (50km/h),99.28
00047_00008.ppm,2,2,Limite de Velocidade (50km/h),98.77
00047_00009.ppm,2,2,Limite de Velocidade (50km/h),98.27
00047_00010.ppm,2,2,Limite de Velocidade (50km/h),96.34
00047_00011.ppm,2,2,Limite de Velocidade (50km/h),99.88
00047_00012.ppm,2,2,Limite de Velocidade (50km/h),99.86
00047_00013.ppm,2,2,Limite de Velocidade (50km/h),99.97
00047_00014.ppm,2,2,Limite de Velocidade (50km/h),98.12
00047_00015.ppm,2,2,Limite de Velocidade (50km/h),99.89
00047_00016.ppm,2,2,Limite de Velocidade (50km/h),99.94
00047_00017.ppm,2,2,Limite de Velocidade (50km/h),100.00
00047_00018.ppm,2,2,Limite de Velocidade (50km/h),99.64
00047_00019.ppm,2,2,Limite de Velocidade (50km/h),100.00
00047_00020.ppm,2,2,Limite de Velocidade (50km/h),99.81
00047_00021.ppm,2,2,Limite de Velocidade (50km/h),100.00
00047_00022.ppm,2,2,Limite de Velocidade (50km/h),100.00
00047_00023.ppm,2,2,Limite de Velocidade (50km/h),100.00
00047_00024.ppm,2,2,Limite de Velocidade (50km/h),100.00
00047_00025.ppm,2,2,Limite de Velocidade (50km/h),100.00
00047_00026.ppm,2,2,Limite de Velocidade (50km/h),100.00
00047_00027.ppm,2,2,Limite de Velocidade (50km/h),99.97
00047_00028.ppm,2,2,Limite de Velocidade (50km/h),100.00
00047_00029.ppm,2,2,Limite de Velocidade (50km/h),100.00
00048_00000.ppm,2,2,Limite de Velocidade (50km/h),99.71
00048_00001.ppm,2,2,Limite de Velocidade (50km/h),95.95
00048_00002.ppm,2,2,Limite de Velocidade (50km/h),98.31
00048_00003.ppm,2,2,Limite de Velocidade (50km/h),99.14
00048_00004.ppm,2,2,Limite de Velocidade (50km/h),99.97
00048_00005.ppm,2,2,Limite de Velocidade (50km/h),85.36
00048_00006.ppm,2,1,Limite de Velocidade (30km/h),69.91
00048_00007.ppm,2,2,Limite de Velocidade (50km/h),100.00
00048_00008.ppm,2,2,Limite de Velocidade (50km/h),72.96
00048_00009.ppm,2,2,Limite de Velocidade (50km/h),93.40
00048_00010.ppm,2,2,Limite de Velocidade (50km/h),97.12
00048_00011.ppm,2,2,Limite de Velocidade (50km/h),50.11
00048_00012.ppm,2,2,Limite de Velocidade (50km/h),99.86
00048_00013.ppm,2,2,Limite de Velocidade (50km/h),99.86
00048_00014.ppm,2,2,Limite de Velocidade (50km/h),100.00
00048_00015.ppm,2,2,Limite de Velocidade (50km/h),100.00
00048_00016.ppm,2,2,Limite de Velocidade (50km/h),100.00
00048_00017.ppm,2,2,Limite de Velocidade (50km/h),100.00
00048_00018.ppm,2,2,Limite de Velocidade (50km/h),100.00
00048_00019.ppm,2,2,Limite de Velocidade (50km/h),99.24
00048_00020.ppm,2,2,Limite de Velocidade (50km/h),99.62
00048_00021.ppm,2,2,Limite de Velocidade (50km/h),100.00
00048_00022.ppm,2,2,Limite de Velocidade (50km/h),100.00
00048_00023.ppm,2,2,Limite de Velocidade (50km/h),100.00
00048_00024.ppm,2,2,Limite de Velocidade (50km/h),99.99
00048_00025.ppm,2,2,Limite de Velocidade (50km/h),100.00
00048_00026.ppm,2,2,Limite de Velocidade (50km/h),100.00
00048_00027.ppm,2,2,Limite de Velocidade (50km/h),100.00
00048_00028.ppm,2,2,Limite de Velocidade (50km/h),100.00
00048_00029.ppm,2,2,Limite de Velocidade (50km/h),100.00
00049_00000.ppm,2,2,Limite de Velocidade (50km/h),99.67
00049_00001.ppm,2,2,Limite de Velocidade (50km/h),84.87
00049_00002.ppm,2,2,Limite de Velocidade (50km/h),66.81
00049_00003.ppm,2,2,Limite de Velocidade (50km/h),82.98
00049_00004.ppm,2,2,Limite de Velocidade (50km/h),91.60
00049_00005.ppm,2,2,Limite de Velocidade (50km/h),99.96
00049_00006.ppm,2,2,Limite de Velocidade (50km/h),98.96
00049_00007.ppm,2,2,Limite de Velocidade (50km/h),100.00
00049_00008.ppm,2,2,Limite de Velocidade (50km/h),100.00
00049_00009.ppm,2,2,Limite de Velocidade (50km/h),100.00
00049_00010.ppm,2,2,Limite de Velocidade (50km/h),100.00
00049_00011.ppm,2,2,Limite de Velocidade (50km/h),100.00
00049_00012.ppm,2,2,Limite de Velocidade (50km/h),94.82
00049_00013.ppm,2,2,Limite de Velocidade (50km/h),100.00
00049_00014.ppm,2,2,Limite de Velocidade (50km/h),100.00
00049_00015.ppm,2,2,Limite de Velocidade (50km/h),100.00
00049_00016.ppm,2,2,Limite de Velocidade (50km/h),100.00
00049_00017.ppm,2,2,Limite de Velocidade (50km/h),100.00
00049_00018.ppm,2,2,Limite de Velocidade (50km/h),100.00
00049_00019.ppm,2,2,Limite de Velocidade (50km/h),100.00
00049_00020.ppm,2,2,Limite de Velocidade (50km/h),100.00
00049_00021.ppm,2,2,Limite de Velocidade (50km/h),100.00
00049_00022.ppm,2,2,Limite de Velocidade (50km/h),100.00
00049_00023.ppm,2,2,Limite de Velocidade (50km/h),100.00
00049_00024.ppm,2,2,Limite de Velocidade (50km/h),100.00
00049_00025.ppm,2,2,Limite de Velocidade (50km/h),93.93
00049_00026.ppm,2,2,Limite de Velocidade (50km/h),100.00
00049_00027.ppm,2,2,Limite de Velocidade (50km/h),100.00
00049_00028.ppm,2,2,Limite de Velocidade (50km/h),100.00
00049_00029.ppm,2,2,Limite de Velocidade (50km/h),100.00
